      1.00,     74.83,     19.00,      2.00,      2.00,     13.00,      4.00,      0.04,      2.00,      1.00,      2.00,      1.00,      1.00,      0.00,    351.00,      2.00
      1.00,     20.00,     11.04,      1.00,      1.00,      7.00,      1.00,      2.00,      2.00,      2.00,      0.00,      2.00,      1.00,    136.00,      0.00,      2.00
      1.00,     30.67,      2.50,      1.00,      1.00,      5.00,      2.00,      2.25,      2.00,      2.00,      0.00,      2.00,      2.00,    340.00,      0.00,      2.00
      1.00,     34.17,      5.25,      1.00,      1.00,      1.00,      1.00,      0.09,      2.00,      2.00,      0.00,      2.00,      1.00,    290.00,      6.00,      1.00
      1.00,     21.50,      9.75,      1.00,      1.00,      7.00,      1.00,      0.25,      1.00,      2.00,      0.00,      1.00,      1.00,    140.00,      0.00,      2.00
      1.00,     24.08,      0.88,      1.00,      1.00,      3.00,      1.00,      0.09,      2.00,      1.00,      4.00,      1.00,      1.00,    254.00,   1950.00,      2.00
      1.00,     34.08,      0.08,      2.00,      2.00,      3.00,      3.00,      0.04,      1.00,      1.00,      1.00,      2.00,      1.00,    280.00,   2000.00,      1.00
      1.00,     37.50,      0.83,      1.00,      1.00,     11.00,      1.00,      0.04,      2.00,      2.00,      0.00,      1.00,      1.00,    120.00,      5.00,      2.00
      1.00,     33.67,      1.25,      1.00,      1.00,      1.00,      1.00,      1.17,      2.00,      2.00,      0.00,      1.00,      1.00,    120.00,      0.00,      2.00
      1.00,     41.92,      0.42,      1.00,      1.00,      7.00,      2.00,      0.21,      1.00,      1.00,      6.00,      1.00,      1.00,    220.00,    948.00,      1.00
      1.00,     20.42,      1.08,      1.00,      1.00,      2.00,      1.00,      1.50,      2.00,      2.00,      0.00,      1.00,      1.00,    108.00,      7.00,      2.00
      2.00,     24.83,      4.50,      1.00,      1.00,      1.00,      1.00,      1.00,      2.00,      2.00,      0.00,      2.00,      1.00,    360.00,      6.00,      2.00
      1.00,     33.17,      3.17,      2.00,      2.00,      9.00,      1.00,      3.17,      1.00,      1.00,      3.00,      2.00,      1.00,    380.00,      0.00,      1.00
      2.00,     56.83,      4.25,      2.00,      2.00,     13.00,      4.00,      5.00,      2.00,      2.00,      0.00,      2.00,      1.00,      0.00,      4.00,      2.00
      1.00,     21.33,      7.50,      1.00,      1.00,     12.00,      1.00,      1.42,      1.00,      1.00,      1.00,      1.00,      1.00,     80.00,   9800.00,      1.00
      1.00,     31.00,      2.08,      1.00,      1.00,      7.00,      1.00,      0.09,      2.00,      2.00,      0.00,      1.00,      1.00,    300.00,      0.00,      2.00
      1.00,     48.25,     25.09,      1.00,      1.00,      1.00,      1.00,      1.75,      1.00,      1.00,      3.00,      1.00,      1.00,    120.00,     14.00,      1.00
      1.00,     18.33,      1.21,      2.00,      2.00,     11.00,      8.00,      0.00,      2.00,      2.00,      0.00,      1.00,      1.00,    100.00,      0.00,      2.00
      1.00,     16.50,      0.12,      1.00,      1.00,      7.00,      1.00,      0.17,      2.00,      2.00,      0.00,      1.00,      1.00,    132.00,      0.00,      2.00
      2.00,     25.58,      0.00,      1.00,      1.00,      7.00,      1.00,      0.00,      2.00,      2.00,      0.00,      1.00,      3.00,    184.01,      0.00,      1.00
      1.00,     42.50,      4.92,      2.00,      2.00,      1.00,      1.00,      3.17,      1.00,      2.00,      0.00,      2.00,      1.00,     52.00,   1442.00,      1.00
      1.00,     22.17,      2.25,      1.00,      1.00,     10.00,      1.00,      0.12,      2.00,      2.00,      0.00,      1.00,      1.00,    160.00,     10.00,      2.00
      2.00,     22.67,      0.79,      1.00,      1.00,     10.00,      1.00,      0.09,      2.00,      2.00,      0.00,      1.00,      1.00,    144.00,      0.00,      2.00
      2.00,     18.92,      9.25,      2.00,      2.00,      7.00,      1.00,      1.00,      1.00,      1.00,      4.00,      2.00,      1.00,     80.00,    500.00,      1.00
      1.00,     27.83,      4.00,      2.00,      2.00,     10.00,      2.00,      5.75,      1.00,      1.00,      2.00,      2.00,      1.00,     75.00,      0.00,      2.00
      1.00,     42.25,      1.75,      2.00,      2.00,      7.00,      1.00,      0.00,      2.00,      2.00,      0.00,      2.00,      1.00,    150.00,      1.00,      2.00
      1.00,     21.17,      0.88,      2.00,      2.00,      7.00,      2.00,      0.25,      2.00,      2.00,      0.00,      1.00,      1.00,    280.00,    204.00,      2.00
      1.00,     19.33,      9.50,      1.00,      1.00,      2.00,      1.00,      1.00,      1.00,      2.00,      0.00,      2.00,      1.00,     60.00,    400.00,      1.00
      1.00,     20.67,      0.83,      2.00,      2.00,      7.00,      1.00,      2.00,      2.00,      2.00,      0.00,      2.00,      2.00,    240.00,      0.00,      2.00
      2.00,     69.50,      6.00,      1.00,      1.00,     13.00,      4.00,      0.00,      2.00,      2.00,      0.00,      1.00,      2.00,      0.00,      0.00,      2.00
      1.00,     21.50,     11.50,      1.00,      1.00,     10.00,      1.00,      0.50,      1.00,      2.00,      0.00,      2.00,      1.00,    100.00,     68.00,      2.00
      1.00,     34.08,      6.50,      1.00,      1.00,     12.00,      1.00,      0.12,      1.00,      2.00,      0.00,      2.00,      1.00,    443.00,      0.00,      2.00
      1.00,     21.08,      4.12,      2.00,      2.00,     10.00,      2.00,      0.04,      2.00,      2.00,      0.00,      1.00,      1.00,    140.00,    100.00,      2.00
      1.00,     17.42,      6.50,      1.00,      1.00,     10.00,      1.00,      0.12,      2.00,      2.00,      0.00,      1.00,      1.00,     60.00,    100.00,      2.00
      2.00,     15.75,      0.38,      1.00,      1.00,      7.00,      1.00,      1.00,      2.00,      2.00,      0.00,      1.00,      1.00,    120.00,     18.00,      2.00
      1.00,     59.67,      1.54,      1.00,      1.00,      2.00,      1.00,      0.12,      1.00,      2.00,      0.00,      2.00,      1.00,    260.00,      0.00,      1.00
      1.00,     45.00,      8.50,      1.00,      1.00,      5.00,      2.00,     14.00,      1.00,      1.00,      1.00,      2.00,      1.00,     88.00,   2000.00,      1.00
      1.00,     21.58,      0.79,      2.00,      2.00,      5.00,      1.00,      0.67,      2.00,      2.00,      0.00,      1.00,      1.00,    160.00,      0.00,      2.00
      1.00,     30.58,      2.71,      2.00,      2.00,      3.00,      1.00,      0.12,      2.00,      2.00,      0.00,      2.00,      2.00,     80.00,      0.00,      2.00
      1.00,     20.42,      0.00,      1.00,      1.00,      7.00,      1.00,      0.00,      2.00,      2.00,      0.00,      1.00,      3.00,    184.01,      0.00,      2.00
      1.00,     22.08,     11.46,      1.00,      1.00,      6.00,      1.00,      1.58,      2.00,      2.00,      0.00,      2.00,      1.00,    100.00,   1212.00,      2.00
      1.00,     21.08,     10.09,      2.00,      2.00,     11.00,      2.00,      1.25,      2.00,      2.00,      0.00,      1.00,      1.00,    260.00,      0.00,      2.00
      1.00,     17.25,      3.00,      1.00,      1.00,      6.00,      1.00,      0.04,      2.00,      2.00,      0.00,      2.00,      1.00,    160.00,     40.00,      2.00
      1.00,     23.92,      0.58,      2.00,      2.00,      5.00,      2.00,      0.12,      2.00,      2.00,      0.00,      1.00,      1.00,    240.00,      1.00,      2.00
      2.00,     18.92,      9.00,      1.00,      1.00,     12.00,      1.00,      0.75,      1.00,      1.00,      2.00,      1.00,      1.00,     88.00,    591.00,      1.00
      1.00,     32.08,      4.00,      1.00,      1.00,      3.00,      1.00,      2.50,      1.00,      2.00,      0.00,      2.00,      1.00,    360.00,      0.00,      1.00
      1.00,     25.67,      0.29,      2.00,      2.00,      7.00,      1.00,      1.50,      2.00,      2.00,      0.00,      2.00,      1.00,    160.00,      0.00,      2.00
      2.00,     38.75,      1.50,      1.00,      1.00,     13.00,      4.00,      0.00,      2.00,      2.00,      0.00,      1.00,      1.00,     76.00,      0.00,      2.00
      2.00,     16.08,      0.34,      1.00,      1.00,     13.00,      4.00,      0.00,      2.00,      1.00,      1.00,      1.00,      1.00,    160.00,    126.00,      2.00
      2.00,     23.00,     11.75,      1.00,      1.00,      9.00,      2.00,      0.50,      1.00,      1.00,      2.00,      2.00,      1.00,    300.00,    551.00,      1.00
      1.00,     40.92,      0.83,      1.00,      1.00,     13.00,      4.00,      0.00,      1.00,      2.00,      0.00,      1.00,      1.00,    130.00,      1.00,      2.00
      1.00,     20.67,      1.25,      2.00,      2.00,      7.00,      2.00,      1.38,      1.00,      1.00,      3.00,      2.00,      1.00,    140.00,    210.00,      2.00
      1.00,     21.92,      0.50,      1.00,      1.00,      7.00,      1.00,      0.12,      2.00,      2.00,      0.00,      1.00,      1.00,    360.00,      0.00,      2.00
      2.00,     64.08,      0.17,      1.00,      1.00,     13.00,      4.00,      0.00,      1.00,      1.00,      1.00,      1.00,      1.00,    232.00,    100.00,      1.00
      1.00,     23.25,      4.00,      1.00,      1.00,      7.00,      3.00,      0.25,      1.00,      2.00,      0.00,      2.00,      1.00,    160.00,      0.00,      1.00
      1.00,     26.50,      2.71,      2.00,      2.00,      7.00,      1.00,      0.09,      2.00,      2.00,      0.00,      1.00,      2.00,     80.00,      0.00,      2.00
      1.00,     37.50,      1.75,      2.00,      2.00,      7.00,      3.00,      0.25,      1.00,      2.00,      0.00,      2.00,      1.00,    164.00,    400.00,      2.00
      1.00,     27.75,      0.58,      2.00,      2.00,      5.00,      1.00,      0.25,      1.00,      1.00,      2.00,      1.00,      1.00,    260.00,    500.00,      1.00
      1.00,     27.58,      2.04,      2.00,      2.00,     12.00,      1.00,      2.00,      1.00,      1.00,      3.00,      2.00,      1.00,    370.00,    560.00,      1.00
      2.00,     30.00,      5.29,      1.00,      1.00,     11.00,      8.00,      2.25,      1.00,      1.00,      5.00,      2.00,      1.00,     99.00,    500.00,      1.00
      1.00,     19.17,      9.50,      1.00,      1.00,      1.00,      1.00,      1.50,      1.00,      2.00,      0.00,      1.00,      1.00,    120.00,   2206.00,      1.00
      2.00,     22.67,      0.75,      1.00,      1.00,      7.00,      1.00,      2.00,      2.00,      1.00,      2.00,      2.00,      1.00,    200.00,    394.00,      2.00
      1.00,     36.75,      0.12,      2.00,      2.00,      7.00,      1.00,      1.50,      2.00,      2.00,      0.00,      2.00,      1.00,    232.00,    113.00,      1.00
      2.00,     15.92,      2.88,      1.00,      1.00,      2.00,      1.00,      0.09,      2.00,      2.00,      0.00,      1.00,      1.00,    120.00,      0.00,      2.00
      2.00,     27.67,      1.50,      1.00,      1.00,      3.00,      1.00,      2.00,      1.00,      2.00,      0.00,      1.00,      2.00,    368.00,      0.00,      2.00
      1.00,     27.67,      2.00,      1.00,      1.00,      9.00,      2.00,      1.00,      1.00,      1.00,      4.00,      1.00,      1.00,    140.00,   7544.00,      1.00
      1.00,     21.33,     10.50,      1.00,      1.00,      7.00,      1.00,      3.00,      1.00,      2.00,      0.00,      2.00,      1.00,      0.00,      0.00,      1.00
      1.00,     22.92,      3.17,      2.00,      2.00,      7.00,      1.00,      0.17,      2.00,      2.00,      0.00,      1.00,      1.00,    160.00,   1058.00,      2.00
      1.00,     32.75,      2.33,      1.00,      1.00,      8.00,      2.00,      5.75,      2.00,      2.00,      0.00,      2.00,      1.00,    292.00,      0.00,      2.00
      1.00,     29.83,      3.50,      1.00,      1.00,      7.00,      1.00,      0.17,      2.00,      2.00,      0.00,      1.00,      1.00,    216.00,      0.00,      2.00
      1.00,     42.83,      1.25,      1.00,      1.00,      3.00,      1.00,     13.88,      2.00,      1.00,      1.00,      2.00,      1.00,    352.00,    112.00,      2.00
      1.00,     22.75,     11.00,      1.00,      1.00,      2.00,      1.00,      2.50,      1.00,      1.00,      7.00,      2.00,      1.00,    100.00,    809.00,      1.00
      1.00,     41.17,      1.25,      2.00,      2.00,      1.00,      1.00,      0.25,      2.00,      2.00,      0.00,      1.00,      1.00,      0.00,    195.00,      2.00
      1.00,     47.67,      2.50,      1.00,      1.00,      3.00,      3.00,      2.50,      1.00,      1.00,     12.00,      2.00,      1.00,    410.00,   2510.00,      1.00
      2.00,     38.92,      1.67,      1.00,      1.00,     12.00,      1.00,      0.25,      2.00,      2.00,      0.00,      1.00,      1.00,      0.00,    390.00,      2.00
      1.00,     31.92,      4.46,      1.00,      1.00,      5.00,      2.00,      6.04,      1.00,      1.00,      3.00,      1.00,      1.00,    311.00,    300.00,      1.00
      1.00,     26.17,      0.83,      1.00,      1.00,      5.00,      1.00,      1.17,      2.00,      2.00,      0.00,      1.00,      1.00,    100.00,      0.00,      2.00
      1.00,     37.50,      1.12,      2.00,      2.00,      8.00,      1.00,      1.50,      2.00,      2.00,      0.00,      2.00,      1.00,    431.00,      0.00,      1.00
      2.00,     22.75,      6.17,      1.00,      1.00,     12.00,      1.00,      0.17,      2.00,      2.00,      0.00,      1.00,      1.00,    220.00,   1000.00,      2.00
      1.00,     35.00,      2.50,      1.00,      1.00,     10.00,      1.00,      1.00,      2.00,      2.00,      0.00,      2.00,      1.00,    210.00,      0.00,      2.00
      1.00,     34.42,      4.25,      1.00,      1.00,     10.00,      3.00,      3.25,      1.00,      1.00,      2.00,      1.00,      1.00,    274.00,    610.00,      1.00
      2.00,     58.33,     10.00,      1.00,      1.00,      2.00,      1.00,      4.00,      1.00,      1.00,     14.00,      1.00,      1.00,      0.00,   1602.00,      1.00
      1.00,     26.33,     13.00,      1.00,      1.00,     11.00,      8.00,      0.00,      2.00,      2.00,      0.00,      2.00,      1.00,    140.00,   1110.00,      2.00
      1.00,     35.75,      2.42,      1.00,      1.00,      1.00,      1.00,      0.12,      2.00,      1.00,      2.00,      1.00,      1.00,    220.00,      1.00,      2.00
      2.00,     18.08,      0.38,      3.00,      3.00,      5.00,      4.00,     10.00,      2.00,      2.00,      0.00,      2.00,      2.00,    300.00,      0.00,      1.00
      1.00,     29.67,      0.75,      2.00,      2.00,      7.00,      1.00,      0.04,      2.00,      2.00,      0.00,      1.00,      1.00,    240.00,      0.00,      2.00
      1.00,     24.50,     13.34,      2.00,      2.00,     12.00,      1.00,      0.04,      2.00,      2.00,      0.00,      2.00,      1.00,    120.00,    475.00,      2.00
      1.00,     25.33,      0.58,      1.00,      1.00,      7.00,      1.00,      0.29,      1.00,      1.00,      7.00,      2.00,      1.00,     96.00,   5124.00,      1.00
      2.00,     18.83,      9.54,      1.00,      1.00,     12.00,      1.00,      0.09,      1.00,      2.00,      0.00,      1.00,      1.00,    100.00,      0.00,      1.00
      2.00,     23.42,      0.79,      2.00,      2.00,      2.00,      1.00,      1.50,      1.00,      1.00,      2.00,      2.00,      1.00,     80.00,    400.00,      1.00
      1.00,     39.08,      6.00,      1.00,      1.00,      3.00,      1.00,      1.29,      1.00,      1.00,      5.00,      2.00,      1.00,    108.00,   1097.00,      1.00
      1.00,     43.00,      0.29,      2.00,      2.00,      5.00,      2.00,      1.75,      1.00,      1.00,      8.00,      1.00,      1.00,    100.00,    375.00,      1.00
      2.00,     38.33,      4.42,      1.00,      1.00,      7.00,      1.00,      0.12,      2.00,      2.00,      0.00,      1.00,      1.00,    160.00,      0.00,      2.00
      1.00,     41.17,      1.33,      1.00,      1.00,      8.00,      1.00,      0.17,      2.00,      2.00,      0.00,      1.00,      1.00,    168.00,      0.00,      2.00
      2.00,     23.58,     11.50,      2.00,      2.00,      6.00,      2.00,      3.00,      2.00,      2.00,      0.00,      2.00,      1.00,     20.00,     16.00,      2.00
      2.00,     46.00,      4.00,      1.00,      1.00,     14.00,      5.00,      0.00,      1.00,      2.00,      0.00,      1.00,      1.00,    100.00,    960.00,      1.00
      2.00,     22.50,      0.41,      1.00,      1.00,     10.00,      1.00,      0.34,      2.00,      2.00,      0.00,      2.00,      2.00,    144.00,      0.00,      2.00
      1.00,     40.58,      5.00,      1.00,      1.00,      7.00,      1.00,      5.00,      1.00,      1.00,      7.00,      1.00,      1.00,      0.00,   3065.00,      1.00
      2.00,     41.00,      2.04,      2.00,      2.00,      2.00,      2.00,      0.12,      1.00,      1.00,     23.00,      2.00,      1.00,    455.00,   1236.00,      1.00
      1.00,     22.58,      1.50,      2.00,      2.00,     12.00,      1.00,      0.54,      2.00,      2.00,      0.00,      2.00,      1.00,    120.00,     67.00,      2.00
      2.00,     33.08,      1.62,      1.00,      1.00,      8.00,      1.00,      0.54,      2.00,      2.00,      0.00,      2.00,      1.00,      0.00,      0.00,      2.00
      1.00,     13.75,      4.00,      2.00,      2.00,      1.00,      1.00,      1.75,      1.00,      1.00,      2.00,      2.00,      1.00,    120.00,   1000.00,      1.00
      1.00,     28.67,     14.50,      1.00,      1.00,      8.00,      1.00,      0.12,      2.00,      2.00,      0.00,      1.00,      1.00,      0.00,    286.00,      2.00
      2.00,     28.08,     15.00,      2.00,      2.00,     11.00,      6.00,      0.00,      1.00,      2.00,      0.00,      1.00,      1.00,      0.00,  13212.00,      1.00
      1.00,     30.08,      1.04,      2.00,      2.00,     10.00,      3.00,      0.50,      1.00,      1.00,     10.00,      2.00,      1.00,    132.00,     28.00,      2.00
      1.00,     20.08,      0.25,      1.00,      1.00,      2.00,      1.00,      0.12,      2.00,      2.00,      0.00,      1.00,      1.00,    200.00,      0.00,      2.00
      2.00,     22.50,      8.50,      1.00,      1.00,      2.00,      1.00,      1.75,      1.00,      1.00,     10.00,      1.00,      1.00,     80.00,    990.00,      2.00
      1.00,     23.75,     12.00,      1.00,      1.00,      7.00,      1.00,      2.08,      2.00,      2.00,      0.00,      1.00,      2.00,     80.00,      0.00,      2.00
      1.00,     18.83,      0.41,      2.00,      2.00,      7.00,      1.00,      0.17,      2.00,      1.00,      1.00,      1.00,      1.00,    200.00,      1.00,      2.00
      1.00,     24.58,     13.50,      2.00,      2.00,     13.00,      4.00,      0.00,      2.00,      2.00,      0.00,      1.00,      1.00,    184.01,      0.00,      2.00
      1.00,     31.25,      2.83,      1.00,      1.00,     13.00,      4.00,      0.00,      2.00,      1.00,      5.00,      1.00,      1.00,    176.00,    146.00,      2.00
      1.00,     30.83,      0.00,      1.00,      1.00,      1.00,      1.00,      1.25,      1.00,      1.00,      1.00,      1.00,      1.00,    202.00,      0.00,      1.00
      1.00,     17.67,      4.46,      1.00,      1.00,      7.00,      1.00,      0.25,      2.00,      2.00,      0.00,      1.00,      2.00,     80.00,      0.00,      2.00
      2.00,     57.08,     19.50,      1.00,      1.00,      7.00,      1.00,      5.50,      1.00,      1.00,      7.00,      1.00,      1.00,      0.00,   3000.00,      1.00
      1.00,     54.58,      9.41,      1.00,      1.00,     13.00,      4.00,     14.41,      1.00,      1.00,     11.00,      2.00,      1.00,     30.00,    300.00,      1.00
      1.00,     36.17,      0.42,      2.00,      2.00,      1.00,      1.00,      0.29,      2.00,      2.00,      0.00,      2.00,      1.00,    309.00,      2.00,      2.00
      2.00,     17.67,      0.00,      2.00,      2.00,     14.00,      4.00,      0.00,      2.00,      2.00,      0.00,      1.00,      1.00,     86.00,      0.00,      2.00
      1.00,     20.42,      1.83,      1.00,      1.00,      7.00,      1.00,      2.25,      1.00,      1.00,      1.00,      1.00,      1.00,    100.00,    150.00,      1.00
      1.00,     24.75,      0.54,      1.00,      1.00,      3.00,      1.00,      1.00,      2.00,      2.00,      0.00,      2.00,      1.00,    120.00,      1.00,      2.00
      1.00,     18.67,      5.00,      1.00,      1.00,      2.00,      1.00,      0.38,      1.00,      1.00,      2.00,      1.00,      1.00,      0.00,     38.00,      2.00
      1.00,     43.17,      5.00,      1.00,      1.00,     10.00,      3.00,      2.25,      2.00,      2.00,      0.00,      2.00,      1.00,    141.00,      0.00,      2.00
      1.00,     41.75,      0.96,      1.00,      1.00,      9.00,      1.00,      2.50,      1.00,      2.00,      0.00,      1.00,      1.00,    510.00,    600.00,      1.00
      2.00,     28.75,      3.75,      1.00,      1.00,      7.00,      1.00,      1.08,      1.00,      1.00,      1.00,      2.00,      1.00,    371.00,      0.00,      1.00
      1.00,     39.58,     13.91,      1.00,      1.00,      1.00,      1.00,      8.62,      1.00,      1.00,      6.00,      2.00,      1.00,     70.00,      0.00,      1.00
      1.00,     36.17,      5.50,      1.00,      1.00,     10.00,      3.00,      5.00,      2.00,      2.00,      0.00,      1.00,      1.00,    210.00,    687.00,      2.00
      1.00,     23.50,      2.75,      1.00,      1.00,     13.00,      4.00,      4.50,      2.00,      2.00,      0.00,      1.00,      1.00,    160.00,     25.00,      2.00
      2.00,     15.83,      0.58,      1.00,      1.00,      7.00,      2.00,      1.50,      1.00,      1.00,      2.00,      1.00,      1.00,    100.00,      0.00,      1.00
      2.00,     25.25,     12.50,      1.00,      1.00,      8.00,      1.00,      1.00,      2.00,      2.00,      0.00,      2.00,      1.00,    180.00,   1062.00,      2.00
      1.00,     57.83,      7.04,      1.00,      1.00,      3.00,      1.00,     14.00,      1.00,      1.00,      6.00,      2.00,      1.00,    360.00,   1332.00,      1.00
      1.00,     47.83,      4.17,      1.00,      1.00,      9.00,      3.00,      0.09,      2.00,      2.00,      0.00,      2.00,      1.00,    520.00,      0.00,      2.00
      1.00,     33.17,      1.04,      1.00,      1.00,      4.00,      2.00,      6.50,      1.00,      2.00,      0.00,      2.00,      1.00,    164.00,  31285.00,      1.00
      1.00,     32.33,      7.50,      1.00,      1.00,     11.00,      3.00,      1.58,      1.00,      2.00,      0.00,      2.00,      2.00,    420.00,      0.00,      2.00
      1.00,     23.58,      0.83,      1.00,      1.00,     10.00,      2.00,      0.09,      2.00,      2.00,      0.00,      2.00,      1.00,    220.00,      5.00,      2.00
      1.00,     31.25,      1.12,      1.00,      1.00,     13.00,      4.00,      0.00,      2.00,      1.00,      1.00,      1.00,      1.00,     96.00,     19.00,      2.00
      2.00,     20.42,      0.83,      1.00,      1.00,      2.00,      1.00,      1.58,      1.00,      1.00,      1.00,      1.00,      1.00,      0.00,      0.00,      1.00
      1.00,     20.00,      0.00,      1.00,      1.00,      8.00,      1.00,      0.50,      2.00,      2.00,      0.00,      1.00,      1.00,    144.00,      0.00,      2.00
      1.00,     36.67,      2.00,      1.00,      1.00,     10.00,      1.00,      0.25,      2.00,      2.00,      0.00,      2.00,      1.00,    221.00,      0.00,      2.00
      2.00,     17.33,      9.50,      1.00,      1.00,     12.00,      1.00,      1.75,      2.00,      1.00,     10.00,      2.00,      1.00,      0.00,     10.00,      2.00
      1.00,     25.25,      1.00,      1.00,      1.00,     12.00,      1.00,      0.50,      2.00,      2.00,      0.00,      1.00,      1.00,    200.00,      0.00,      2.00
      1.00,     26.67,      1.75,      2.00,      2.00,      7.00,      1.00,      1.00,      1.00,      1.00,      5.00,      2.00,      1.00,    160.00,   5777.00,      1.00
      2.00,     27.33,      1.67,      1.00,      1.00,     13.00,      4.00,      0.00,      2.00,      2.00,      0.00,      1.00,      1.00,    340.00,      1.00,      2.00
      1.00,     23.25,     12.62,      1.00,      1.00,      7.00,      1.00,      0.12,      2.00,      1.00,      2.00,      1.00,      1.00,      0.00,   5552.00,      2.00
      1.00,     24.50,     12.75,      1.00,      1.00,      7.00,      3.00,      4.75,      1.00,      1.00,      2.00,      1.00,      1.00,     73.00,    444.00,      1.00
      2.00,     37.75,      5.50,      1.00,      1.00,      2.00,      1.00,      0.12,      1.00,      2.00,      0.00,      2.00,      1.00,    228.00,      0.00,      1.00
      2.00,     28.42,      3.50,      1.00,      1.00,      1.00,      1.00,      0.83,      1.00,      2.00,      0.00,      1.00,      2.00,    280.00,      0.00,      1.00
      1.00,     25.42,      0.54,      1.00,      1.00,      1.00,      1.00,      0.17,      2.00,      1.00,      1.00,      1.00,      1.00,    272.00,    444.00,      2.00
      1.00,     38.17,     10.12,      1.00,      1.00,      9.00,      1.00,      2.50,      1.00,      1.00,      6.00,      1.00,      1.00,    520.00,    196.00,      1.00
      1.00,     32.33,      2.50,      1.00,      1.00,      7.00,      1.00,      1.25,      2.00,      2.00,      0.00,      2.00,      1.00,    280.00,      0.00,      2.00
      2.00,     29.50,      0.46,      1.00,      1.00,      6.00,      1.00,      0.54,      1.00,      1.00,      4.00,      1.00,      1.00,    380.00,    500.00,      1.00
      1.00,     43.17,      2.25,      1.00,      1.00,     10.00,      3.00,      0.75,      1.00,      2.00,      0.00,      1.00,      1.00,    560.00,      0.00,      2.00
      2.00,     29.58,      1.75,      2.00,      2.00,      6.00,      1.00,      1.25,      2.00,      2.00,      0.00,      2.00,      1.00,    280.00,      0.00,      2.00
      1.00,     28.75,      1.17,      1.00,      1.00,      6.00,      1.00,      0.50,      1.00,      2.00,      0.00,      1.00,      2.00,    280.00,      0.00,      2.00
      1.00,     27.25,      1.67,      1.00,      1.00,      5.00,      2.00,      5.08,      1.00,      1.00,      9.00,      1.00,      1.00,    399.00,    827.00,      1.00
      2.00,     38.58,      5.00,      1.00,      1.00,      5.00,      1.00,     13.50,      1.00,      2.00,      0.00,      2.00,      1.00,    980.00,      0.00,      2.00
      2.00,     38.25,      6.00,      1.00,      1.00,      6.00,      1.00,      1.00,      1.00,      2.00,      0.00,      2.00,      1.00,      0.00,      0.00,      1.00
      1.00,     33.58,      0.25,      1.00,      1.00,     10.00,      3.00,      4.00,      2.00,      2.00,      0.00,      2.00,      2.00,    420.00,      0.00,      2.00
      1.00,     32.25,     14.00,      2.00,      2.00,     13.00,      4.00,      0.00,      2.00,      1.00,      2.00,      1.00,      1.00,    160.00,      1.00,      2.00
      1.00,     26.17,      0.25,      1.00,      1.00,     10.00,      3.00,      0.00,      1.00,      2.00,      0.00,      2.00,      1.00,      0.00,      0.00,      1.00
      1.00,     26.75,      4.50,      2.00,      2.00,      7.00,      3.00,      2.50,      2.00,      2.00,      0.00,      1.00,      1.00,    200.00,   1210.00,      2.00
      2.00,     23.50,      1.50,      1.00,      1.00,      1.00,      1.00,      0.88,      2.00,      2.00,      0.00,      2.00,      1.00,    160.00,      0.00,      2.00
      1.00,     35.25,     16.50,      2.00,      2.00,      7.00,      1.00,      4.00,      1.00,      2.00,      0.00,      1.00,      1.00,     80.00,      0.00,      2.00
      1.00,     19.00,      0.00,      2.00,      2.00,     13.00,      4.00,      0.00,      2.00,      1.00,      4.00,      1.00,      1.00,     45.00,      1.00,      2.00
      1.00,     22.75,     11.50,      1.00,      1.00,     10.00,      1.00,      0.41,      2.00,      2.00,      0.00,      1.00,      1.00,      0.00,      0.00,      2.00
      2.00,     60.58,     16.50,      1.00,      1.00,      2.00,      1.00,     11.00,      1.00,      2.00,      0.00,      2.00,      1.00,     21.00,  10561.00,      1.00
      1.00,     19.17,      4.00,      2.00,      2.00,     10.00,      1.00,      1.00,      2.00,      2.00,      0.00,      2.00,      1.00,    360.00,   1000.00,      2.00
      1.00,     40.92,      2.25,      2.00,      2.00,      9.00,      2.00,     10.00,      1.00,      2.00,      0.00,      2.00,      1.00,    176.00,      0.00,      2.00
      1.00,     25.67,      2.21,      2.00,      2.00,     12.00,      1.00,      4.00,      1.00,      2.00,      0.00,      1.00,      1.00,    188.00,      0.00,      2.00
      1.00,     34.08,      2.50,      1.00,      1.00,      7.00,      1.00,      1.00,      2.00,      2.00,      0.00,      1.00,      1.00,    460.00,     16.00,      2.00
      1.00,     33.17,      2.25,      2.00,      2.00,      5.00,      1.00,      3.50,      2.00,      2.00,      0.00,      2.00,      1.00,    200.00,    141.00,      2.00
      1.00,     38.42,      0.70,      1.00,      1.00,      7.00,      1.00,      0.38,      2.00,      1.00,      2.00,      1.00,      1.00,    225.00,    500.00,      2.00
      1.00,     37.75,      7.00,      1.00,      1.00,      2.00,      2.00,     11.50,      1.00,      1.00,      7.00,      2.00,      1.00,    300.00,      5.00,      2.00
      1.00,     34.58,      0.00,      1.00,      1.00,      7.00,      1.00,      0.00,      2.00,      2.00,      0.00,      1.00,      3.00,    184.01,      0.00,      2.00
      2.00,     21.50,      6.00,      1.00,      1.00,     12.00,      1.00,      2.50,      1.00,      1.00,      3.00,      1.00,      1.00,     80.00,    918.00,      1.00
      1.00,     29.25,     13.00,      1.00,      1.00,      8.00,      2.00,      0.50,      2.00,      2.00,      0.00,      1.00,      1.00,    228.00,      0.00,      2.00
      1.00,     33.67,      2.17,      1.00,      1.00,      7.00,      1.00,      1.50,      2.00,      2.00,      0.00,      1.00,      3.00,    120.00,      0.00,      2.00
      2.00,     22.67,      0.34,      1.00,      1.00,      2.00,      1.00,      0.75,      2.00,      2.00,      0.00,      1.00,      2.00,    160.00,      0.00,      2.00
      1.00,     39.42,      1.71,      2.00,      2.00,      3.00,      1.00,      0.17,      2.00,      2.00,      0.00,      1.00,      2.00,    400.00,      0.00,      2.00
      1.00,     31.57,      5.00,      2.00,      2.00,     12.00,      1.00,      8.50,      1.00,      2.00,      0.00,      1.00,      1.00,      0.00,      0.00,      2.00
      1.00,     25.50,      0.38,      1.00,      1.00,      3.00,      1.00,      0.25,      1.00,      1.00,      3.00,      1.00,      1.00,    260.00,  15108.00,      1.00
      1.00,     28.17,      0.58,      1.00,      1.00,     12.00,      1.00,      0.04,      2.00,      2.00,      0.00,      1.00,      1.00,    260.00,   1004.00,      2.00
      2.00,     20.83,      0.50,      2.00,      2.00,     11.00,      8.00,      1.00,      2.00,      2.00,      0.00,      1.00,      1.00,    260.00,      0.00,      2.00
      1.00,     23.92,      1.50,      1.00,      1.00,      8.00,      2.00,      1.88,      1.00,      1.00,      6.00,      1.00,      1.00,    200.00,    327.00,      1.00
      1.00,     36.08,      2.54,      1.00,      1.00,     13.00,      4.00,      0.00,      2.00,      2.00,      0.00,      1.00,      1.00,      0.00,   1000.00,      2.00
      1.00,     49.50,      7.58,      1.00,      1.00,     10.00,      3.00,      7.58,      1.00,      1.00,     15.00,      2.00,      1.00,      0.00,   5000.00,      1.00
      1.00,     39.17,      2.50,      2.00,      2.00,     10.00,      2.00,     10.00,      2.00,      2.00,      0.00,      2.00,      2.00,    200.00,      0.00,      2.00
      2.00,     24.75,     12.50,      1.00,      1.00,     12.00,      1.00,      1.50,      1.00,      1.00,     12.00,      2.00,      1.00,    120.00,    567.00,      1.00
      1.00,     21.17,      0.25,      2.00,      2.00,      7.00,      2.00,      0.25,      2.00,      2.00,      0.00,      1.00,      1.00,    280.00,    204.00,      2.00
      1.00,     35.58,      0.75,      1.00,      1.00,      6.00,      1.00,      1.50,      2.00,      2.00,      0.00,      2.00,      1.00,    231.00,      0.00,      2.00
      2.00,     52.50,      7.00,      1.00,      1.00,     12.00,      2.00,      3.00,      2.00,      2.00,      0.00,      1.00,      1.00,      0.00,      0.00,      2.00
      1.00,     22.50,     11.50,      2.00,      2.00,      3.00,      1.00,      1.50,      2.00,      2.00,      0.00,      2.00,      1.00,      0.00,   4000.00,      2.00
      2.00,     28.58,      3.54,      1.00,      1.00,     10.00,      3.00,      0.50,      1.00,      2.00,      0.00,      2.00,      1.00,    171.00,      0.00,      2.00
      1.00,     27.25,      1.58,      1.00,      1.00,      5.00,      2.00,      1.83,      1.00,      1.00,     12.00,      2.00,      1.00,    583.00,    713.00,      1.00
      1.00,     21.17,      0.00,      1.00,      1.00,      7.00,      1.00,      0.50,      2.00,      2.00,      0.00,      2.00,      2.00,      0.00,      0.00,      2.00
      1.00,     29.25,     14.79,      1.00,      1.00,     12.00,      1.00,      5.04,      1.00,      1.00,      5.00,      2.00,      1.00,    168.00,      0.00,      1.00
      1.00,     43.08,      0.38,      2.00,      2.00,      7.00,      1.00,      0.38,      1.00,      1.00,      8.00,      2.00,      1.00,    300.00,    162.00,      1.00
      1.00,     21.25,      1.50,      1.00,      1.00,      1.00,      1.00,      1.50,      2.00,      2.00,      0.00,      1.00,      1.00,    150.00,      8.00,      1.00
      1.00,     17.08,      0.25,      1.00,      1.00,      2.00,      1.00,      0.34,      2.00,      1.00,      4.00,      1.00,      1.00,    160.00,      8.00,      2.00
      1.00,     27.75,      1.29,      1.00,      1.00,      6.00,      2.00,      0.25,      2.00,      2.00,      0.00,      2.00,      2.00,    140.00,      0.00,      2.00
      1.00,     48.08,      6.04,      1.00,      1.00,      6.00,      1.00,      0.04,      2.00,      2.00,      0.00,      1.00,      1.00,      0.00,   2690.00,      1.00
      1.00,     48.17,      3.50,      1.00,      1.00,     12.00,      1.00,      3.50,      1.00,      2.00,      0.00,      1.00,      2.00,    230.00,      0.00,      1.00
      1.00,     22.17,      0.58,      2.00,      2.00,     13.00,      4.00,      0.00,      2.00,      2.00,      0.00,      1.00,      1.00,    100.00,      0.00,      2.00
      2.00,     57.08,      0.34,      1.00,      1.00,     10.00,      3.00,      1.00,      1.00,      2.00,      0.00,      2.00,      1.00,    252.00,   2197.00,      2.00
      1.00,     41.33,      0.00,      1.00,      1.00,      7.00,      3.00,     15.00,      1.00,      2.00,      0.00,      1.00,      1.00,      0.00,      0.00,      1.00
      2.00,     41.17,      6.50,      1.00,      1.00,      2.00,      1.00,      0.50,      1.00,      1.00,      3.00,      2.00,      1.00,    145.00,      0.00,      1.00
      1.00,     31.08,      1.50,      2.00,      2.00,      1.00,      1.00,      0.04,      2.00,      2.00,      0.00,      1.00,      2.00,    160.00,      0.00,      2.00
      1.00,     36.17,     18.12,      1.00,      1.00,      1.00,      1.00,      0.09,      2.00,      2.00,      0.00,      1.00,      1.00,    320.00,   3552.00,      2.00
      1.00,     22.67,      2.54,      2.00,      2.00,      7.00,      2.00,      2.58,      1.00,      2.00,      0.00,      1.00,      1.00,      0.00,      0.00,      1.00
      2.00,     55.75,      7.08,      1.00,      1.00,      6.00,      2.00,      6.75,      1.00,      1.00,      3.00,      2.00,      1.00,    100.00,     50.00,      2.00
      1.00,     37.17,      4.00,      1.00,      1.00,      7.00,      3.00,      5.00,      1.00,      2.00,      0.00,      2.00,      2.00,    280.00,      0.00,      2.00
      2.00,     24.75,      3.00,      1.00,      1.00,      2.00,      2.00,      1.83,      1.00,      1.00,     19.00,      1.00,      1.00,      0.00,    500.00,      1.00
      1.00,     20.42,      7.00,      1.00,      1.00,      7.00,      1.00,      1.62,      1.00,      1.00,      3.00,      1.00,      1.00,    200.00,   1391.00,      1.00
      1.00,     23.00,      0.75,      1.00,      1.00,      3.00,      1.00,      0.50,      2.00,      2.00,      0.00,      2.00,      2.00,    320.00,      0.00,      2.00
      1.00,     40.92,      0.50,      2.00,      2.00,      3.00,      1.00,      0.50,      2.00,      2.00,      0.00,      2.00,      1.00,    130.00,      0.00,      2.00
      1.00,     16.25,      0.00,      2.00,      2.00,     12.00,      1.00,      0.25,      2.00,      2.00,      0.00,      1.00,      1.00,     60.00,      0.00,      2.00
      1.00,     21.83,      1.54,      1.00,      1.00,      6.00,      1.00,      0.09,      2.00,      2.00,      0.00,      2.00,      1.00,    356.00,      0.00,      2.00
      1.00,     24.58,      1.25,      1.00,      1.00,      7.00,      1.00,      0.25,      2.00,      2.00,      0.00,      1.00,      1.00,    110.00,      0.00,      2.00
      1.00,     51.42,      0.04,      1.00,      1.00,      9.00,      2.00,      0.04,      1.00,      2.00,      0.00,      1.00,      1.00,      0.00,   3000.00,      1.00
      1.00,     32.42,      2.17,      2.00,      2.00,      6.00,      4.00,      0.00,      2.00,      2.00,      0.00,      1.00,      1.00,    120.00,      0.00,      2.00
      1.00,     56.75,     12.25,      1.00,      1.00,      3.00,      1.00,      1.25,      1.00,      1.00,      4.00,      2.00,      1.00,    200.00,      0.00,      1.00
      2.00,     20.75,     10.34,      1.00,      1.00,      5.00,      2.00,      0.34,      1.00,      1.00,      1.00,      2.00,      1.00,     80.00,     50.00,      1.00
      2.00,     20.08,      1.25,      1.00,      1.00,      7.00,      1.00,      0.00,      2.00,      2.00,      0.00,      1.00,      1.00,      0.00,      0.00,      2.00
      2.00,     49.00,      1.50,      1.00,      1.00,     14.00,      5.00,      0.00,      1.00,      2.00,      0.00,      2.00,      1.00,    100.00,     27.00,      2.00
      2.00,     19.75,      0.75,      1.00,      1.00,      7.00,      1.00,      0.80,      1.00,      1.00,      5.00,      2.00,      1.00,    140.00,      5.00,      2.00
      2.00,     23.75,      0.71,      1.00,      1.00,      1.00,      1.00,      0.25,      2.00,      1.00,      1.00,      2.00,      1.00,    240.00,      4.00,      2.00
      1.00,     18.58,      5.71,      1.00,      1.00,      8.00,      1.00,      0.54,      2.00,      2.00,      0.00,      1.00,      1.00,    120.00,      0.00,      2.00
      1.00,     16.25,      0.83,      1.00,      1.00,      3.00,      1.00,      0.09,      1.00,      2.00,      0.00,      1.00,      2.00,    200.00,      0.00,      2.00
      1.00,     57.42,      8.50,      1.00,      1.00,     11.00,      2.00,      7.00,      1.00,      1.00,      3.00,      1.00,      1.00,      0.00,      0.00,      1.00
      1.00,     16.00,      3.12,      1.00,      1.00,      1.00,      1.00,      0.09,      2.00,      1.00,      1.00,      1.00,      1.00,      0.00,      6.00,      2.00
      1.00,     34.00,      5.50,      2.00,      2.00,      7.00,      1.00,      1.50,      2.00,      2.00,      0.00,      2.00,      1.00,     60.00,      0.00,      2.00
      1.00,     38.92,      1.75,      1.00,      1.00,      6.00,      1.00,      0.50,      2.00,      2.00,      0.00,      2.00,      1.00,    300.00,      2.00,      2.00
      1.00,     64.08,     20.00,      1.00,      1.00,      9.00,      2.00,     17.50,      1.00,      1.00,      9.00,      2.00,      1.00,      0.00,   1000.00,      1.00
      2.00,     33.92,      1.58,      2.00,      2.00,     13.00,      4.00,      0.00,      1.00,      2.00,      0.00,      1.00,      1.00,    320.00,      0.00,      2.00
      2.00,     22.67,      7.00,      1.00,      1.00,      7.00,      1.00,      0.17,      2.00,      2.00,      0.00,      1.00,      1.00,    160.00,      0.00,      2.00
      2.00,     17.83,     11.00,      1.00,      1.00,      9.00,      2.00,      1.00,      1.00,      1.00,     11.00,      1.00,      1.00,      0.00,   3000.00,      1.00
      1.00,     34.00,      5.08,      2.00,      2.00,     10.00,      3.00,      1.08,      2.00,      2.00,      0.00,      2.00,      1.00,    480.00,      0.00,      2.00
      1.00,     36.42,      0.75,      2.00,      2.00,      8.00,      1.00,      0.58,      2.00,      2.00,      0.00,      1.00,      1.00,    240.00,      3.00,      2.00
      1.00,     28.92,     15.00,      1.00,      1.00,      7.00,      2.00,      5.33,      1.00,      1.00,     11.00,      1.00,      1.00,      0.00,   2283.00,      1.00
      1.00,     25.67,     12.50,      1.00,      1.00,      5.00,      1.00,      1.21,      1.00,      1.00,     67.00,      2.00,      1.00,    140.00,    258.00,      1.00
      2.00,     18.75,      7.50,      1.00,      1.00,      2.00,      1.00,      2.71,      1.00,      1.00,      5.00,      1.00,      1.00,    184.01,  26726.00,      1.00
      1.00,     42.08,      1.04,      1.00,      1.00,      1.00,      1.00,      5.00,      1.00,      1.00,      6.00,      2.00,      1.00,    500.00,  10000.00,      1.00
      1.00,     52.50,      6.50,      1.00,      1.00,      6.00,      1.00,      6.29,      1.00,      1.00,     15.00,      1.00,      1.00,      0.00,  11202.00,      1.00
      2.00,     25.75,      0.50,      1.00,      1.00,      7.00,      2.00,      0.88,      1.00,      2.00,      0.00,      2.00,      1.00,    491.00,      0.00,      1.00
      2.00,     37.33,      2.50,      1.00,      1.00,     10.00,      2.00,      0.21,      2.00,      2.00,      0.00,      1.00,      1.00,    260.00,    246.00,      2.00
      1.00,     43.25,      3.00,      1.00,      1.00,      2.00,      2.00,      6.00,      1.00,      1.00,     11.00,      1.00,      1.00,     80.00,      0.00,      1.00
      2.00,     19.67,      0.21,      1.00,      1.00,      2.00,      2.00,      0.29,      1.00,      1.00,     11.00,      1.00,      1.00,     80.00,     99.00,      1.00
      1.00,     26.17,     12.50,      2.00,      2.00,      6.00,      2.00,      1.25,      2.00,      2.00,      0.00,      2.00,      1.00,      0.00,     17.00,      2.00
      1.00,     47.33,      6.50,      1.00,      1.00,      7.00,      1.00,      1.00,      2.00,      2.00,      0.00,      2.00,      1.00,      0.00,    228.00,      2.00
      1.00,     27.25,      0.62,      1.00,      1.00,     12.00,      1.00,      0.46,      1.00,      2.00,      0.00,      2.00,      1.00,    200.00,      0.00,      2.00
      2.00,     21.08,      5.00,      2.00,      2.00,     13.00,      4.00,      0.00,      2.00,      2.00,      0.00,      1.00,      1.00,      0.00,      0.00,      2.00
      1.00,     19.50,      9.59,      1.00,      1.00,     12.00,      1.00,      0.79,      2.00,      2.00,      0.00,      1.00,      1.00,     80.00,    350.00,      2.00
      2.00,     25.17,      2.88,      1.00,      1.00,      9.00,      2.00,      0.88,      1.00,      2.00,      0.00,      1.00,      1.00,    360.00,      0.00,      1.00
      1.00,     28.17,      0.12,      2.00,      2.00,      6.00,      1.00,      0.09,      2.00,      2.00,      0.00,      1.00,      1.00,    216.00,   2100.00,      2.00
      2.00,     24.50,      1.75,      2.00,      2.00,      7.00,      1.00,      0.17,      2.00,      2.00,      0.00,      1.00,      1.00,    132.00,      0.00,      2.00
      1.00,     25.75,      0.50,      1.00,      1.00,      7.00,      1.00,      1.46,      1.00,      1.00,      5.00,      2.00,      1.00,    312.00,      0.00,      1.00
      1.00,     20.50,     10.00,      2.00,      2.00,      7.00,      1.00,      2.50,      1.00,      2.00,      0.00,      1.00,      2.00,     40.00,      0.00,      1.00
      1.00,     31.57,      0.04,      2.00,      2.00,      8.00,      1.00,      4.25,      2.00,      2.00,      0.00,      2.00,      1.00,    460.00,      0.00,      2.00
      1.00,     29.58,      4.75,      1.00,      1.00,      3.00,      1.00,      2.00,      2.00,      1.00,      1.00,      2.00,      1.00,    460.00,     68.00,      2.00
      1.00,     23.75,      0.41,      2.00,      2.00,      7.00,      1.00,      0.04,      2.00,      1.00,      2.00,      1.00,      1.00,    128.00,      6.00,      2.00
      1.00,     38.25,     10.12,      2.00,      2.00,      6.00,      1.00,      0.12,      2.00,      2.00,      0.00,      1.00,      1.00,    160.00,      0.00,      2.00
      2.00,     22.92,     11.59,      1.00,      1.00,      5.00,      1.00,      0.04,      1.00,      2.00,      0.00,      1.00,      1.00,     80.00,   1349.00,      1.00
      1.00,     28.25,      0.88,      1.00,      1.00,      3.00,      1.00,      0.96,      1.00,      1.00,      3.00,      2.00,      1.00,    396.00,      0.00,      1.00
      2.00,     16.50,      1.25,      1.00,      1.00,      2.00,      1.00,      0.25,      2.00,      1.00,      1.00,      1.00,      1.00,    108.00,     98.00,      2.00
      2.00,     51.92,      6.50,      1.00,      1.00,     10.00,      3.00,      3.08,      2.00,      2.00,      0.00,      2.00,      1.00,     73.00,      0.00,      2.00
      2.00,     22.83,      2.29,      1.00,      1.00,      2.00,      2.00,      2.29,      1.00,      1.00,      7.00,      2.00,      1.00,    140.00,   2384.00,      1.00
      1.00,     27.83,      1.50,      1.00,      1.00,      1.00,      1.00,      2.00,      1.00,      1.00,     11.00,      2.00,      1.00,    434.00,     35.00,      1.00
      1.00,     20.75,      5.08,      2.00,      2.00,     14.00,      1.00,      0.29,      2.00,      2.00,      0.00,      1.00,      1.00,    140.00,    184.00,      2.00
      1.00,     23.17,     11.12,      1.00,      1.00,      9.00,      2.00,      0.46,      1.00,      1.00,      1.00,      1.00,      1.00,    100.00,      0.00,      1.00
      2.00,     36.58,      0.29,      1.00,      1.00,     13.00,      4.00,      0.00,      2.00,      1.00,     10.00,      1.00,      1.00,    200.00,     18.00,      2.00
      1.00,     32.92,      2.50,      1.00,      1.00,     12.00,      1.00,      1.75,      2.00,      1.00,      2.00,      2.00,      1.00,    720.00,      0.00,      2.00
      1.00,     76.75,     22.29,      1.00,      1.00,     11.00,      6.00,     12.75,      1.00,      1.00,      1.00,      2.00,      1.00,      0.00,    109.00,      1.00
      1.00,     36.50,      4.25,      1.00,      1.00,      2.00,      1.00,      3.50,      2.00,      2.00,      0.00,      1.00,      1.00,    454.00,     50.00,      2.00
      1.00,     37.42,      2.04,      1.00,      1.00,      1.00,      1.00,      0.04,      1.00,      2.00,      0.00,      2.00,      1.00,    400.00,   5800.00,      1.00
      1.00,     23.25,      1.50,      1.00,      1.00,      2.00,      1.00,      2.38,      1.00,      1.00,      3.00,      2.00,      1.00,      0.00,    582.00,      1.00
      1.00,     24.33,      6.62,      2.00,      2.00,      8.00,      1.00,      5.50,      1.00,      2.00,      0.00,      2.00,      2.00,    100.00,      0.00,      1.00
      1.00,     31.57,      0.50,      1.00,      1.00,      7.00,      3.00,      0.83,      1.00,      2.00,      0.00,      2.00,      2.00,    320.00,      0.00,      2.00
      1.00,     33.17,      3.04,      2.00,      2.00,      7.00,      2.00,      2.04,      1.00,      1.00,      1.00,      2.00,      1.00,    180.00,  18027.00,      1.00
      1.00,     31.57,      4.00,      1.00,      1.00,      9.00,      1.00,      5.00,      1.00,      1.00,      3.00,      2.00,      1.00,    290.00,   2279.00,      1.00
      1.00,     41.17,      4.04,      1.00,      1.00,      5.00,      2.00,      7.00,      1.00,      1.00,      8.00,      1.00,      1.00,    320.00,      0.00,      1.00
      1.00,     34.00,      4.50,      1.00,      1.00,     12.00,      1.00,      1.00,      1.00,      2.00,      0.00,      2.00,      1.00,    240.00,      0.00,      2.00
      2.00,     23.25,      5.88,      1.00,      1.00,      2.00,      1.00,      3.17,      1.00,      1.00,     10.00,      1.00,      1.00,    120.00,    245.00,      1.00
      1.00,     29.17,      3.50,      1.00,      1.00,      1.00,      1.00,      3.50,      1.00,      1.00,      3.00,      2.00,      1.00,    329.00,      0.00,      2.00
      1.00,     24.17,      0.88,      1.00,      1.00,      2.00,      1.00,      4.62,      1.00,      1.00,      2.00,      2.00,      1.00,    520.00,   2000.00,      1.00
      2.00,     47.75,      8.00,      1.00,      1.00,      7.00,      1.00,      7.88,      1.00,      1.00,      6.00,      2.00,      1.00,      0.00,   1260.00,      1.00
      2.00,     52.17,      0.00,      2.00,      2.00,     13.00,      4.00,      0.00,      2.00,      2.00,      0.00,      1.00,      1.00,      0.00,      0.00,      2.00
      2.00,     25.00,     12.33,      1.00,      1.00,      5.00,      2.00,      3.50,      1.00,      1.00,      6.00,      1.00,      1.00,    400.00,    458.00,      1.00
      1.00,     23.25,      1.00,      1.00,      1.00,      7.00,      1.00,      0.83,      1.00,      2.00,      0.00,      1.00,      2.00,    300.00,      0.00,      1.00
      1.00,     28.25,      5.12,      1.00,      1.00,      9.00,      1.00,      4.75,      1.00,      1.00,      2.00,      1.00,      1.00,    420.00,      7.00,      1.00
      1.00,     17.58,     10.00,      1.00,      1.00,      1.00,      2.00,      0.17,      2.00,      1.00,      1.00,      1.00,      1.00,    120.00,      1.00,      2.00
      2.00,     20.67,      1.83,      1.00,      1.00,      2.00,      1.00,      2.08,      1.00,      1.00,      5.00,      1.00,      1.00,    220.00,   2503.00,      1.00
      2.00,     31.57,      1.50,      1.00,      1.00,     13.00,      4.00,      0.00,      2.00,      1.00,      2.00,      2.00,      1.00,    200.00,    105.00,      2.00
      1.00,     27.00,      0.75,      1.00,      1.00,      7.00,      2.00,      4.25,      1.00,      1.00,      3.00,      2.00,      1.00,    312.00,    150.00,      1.00
      1.00,     44.83,      7.00,      2.00,      2.00,      7.00,      1.00,      1.62,      2.00,      2.00,      0.00,      1.00,      1.00,    160.00,      2.00,      2.00
      1.00,     27.83,      1.54,      1.00,      1.00,      1.00,      1.00,      3.75,      1.00,      1.00,      5.00,      2.00,      1.00,    100.00,      3.00,      1.00
      1.00,     31.57,      0.62,      1.00,      1.00,      6.00,      1.00,      0.25,      2.00,      2.00,      0.00,      1.00,      1.00,    380.00,   2010.00,      2.00
      1.00,     22.00,      0.79,      1.00,      1.00,      1.00,      1.00,      0.29,      2.00,      1.00,      1.00,      1.00,      1.00,    420.00,    283.00,      2.00
      1.00,     25.17,      3.50,      1.00,      1.00,      5.00,      1.00,      0.62,      1.00,      1.00,      7.00,      1.00,      1.00,      0.00,   7059.00,      1.00
      2.00,     17.58,      9.00,      1.00,      1.00,     12.00,      1.00,      1.38,      1.00,      2.00,      0.00,      2.00,      1.00,      0.00,      0.00,      1.00
      2.00,     20.75,      9.54,      1.00,      1.00,     10.00,      1.00,      0.04,      2.00,      2.00,      0.00,      1.00,      1.00,    200.00,   1000.00,      2.00
      1.00,     40.00,      6.50,      1.00,      1.00,     12.00,      3.00,      3.50,      1.00,      1.00,      1.00,      1.00,      1.00,      0.00,    500.00,      1.00
      1.00,     63.33,      0.54,      1.00,      1.00,      7.00,      1.00,      0.58,      1.00,      1.00,      3.00,      2.00,      1.00,    180.00,      0.00,      2.00
      2.00,     16.00,      0.17,      1.00,      1.00,     12.00,      1.00,      1.00,      2.00,      1.00,      2.00,      2.00,      1.00,    320.00,      1.00,      2.00
      2.00,     44.17,      6.67,      1.00,      1.00,      2.00,      1.00,      7.38,      1.00,      1.00,      3.00,      2.00,      1.00,      0.00,      0.00,      1.00
      2.00,     35.42,     12.00,      1.00,      1.00,      2.00,      2.00,     14.00,      1.00,      1.00,      8.00,      1.00,      1.00,      0.00,   6590.00,      1.00
      2.00,     45.00,      4.58,      1.00,      1.00,      6.00,      2.00,      1.00,      2.00,      2.00,      0.00,      2.00,      2.00,    240.00,      0.00,      2.00
      1.00,     19.67,     10.00,      2.00,      2.00,      6.00,      2.00,      0.83,      1.00,      2.00,      0.00,      2.00,      1.00,    140.00,      0.00,      2.00
      2.00,     45.83,     10.50,      1.00,      1.00,      2.00,      1.00,      5.00,      1.00,      1.00,      7.00,      2.00,      1.00,      0.00,      0.00,      1.00
      2.00,     30.42,      1.38,      1.00,      1.00,      1.00,      2.00,      0.04,      2.00,      1.00,      3.00,      1.00,      1.00,      0.00,     33.00,      2.00
      1.00,     17.08,      3.29,      1.00,      1.00,     10.00,      1.00,      0.34,      2.00,      2.00,      0.00,      2.00,      1.00,    140.00,      2.00,      2.00
      1.00,     39.17,      1.62,      1.00,      1.00,      7.00,      1.00,      1.50,      1.00,      1.00,     10.00,      1.00,      1.00,    186.00,   4700.00,      1.00
      2.00,     15.83,      7.62,      1.00,      1.00,      2.00,      1.00,      0.12,      2.00,      1.00,      1.00,      2.00,      1.00,      0.00,    160.00,      2.00
      1.00,     22.33,     11.00,      1.00,      1.00,      1.00,      1.00,      2.00,      1.00,      1.00,      1.00,      1.00,      1.00,     80.00,    278.00,      1.00
      1.00,     39.50,      1.62,      1.00,      1.00,      7.00,      1.00,      1.50,      2.00,      2.00,      0.00,      1.00,      1.00,      0.00,    316.00,      2.00
      2.00,     33.08,      4.62,      1.00,      1.00,      2.00,      2.00,      1.62,      1.00,      1.00,      2.00,      1.00,      1.00,      0.00,      0.00,      1.00
      1.00,     37.33,      6.50,      1.00,      1.00,      3.00,      2.00,      4.25,      1.00,      1.00,     12.00,      2.00,      1.00,     93.00,      0.00,      1.00
      1.00,     27.67,      0.75,      1.00,      1.00,      2.00,      2.00,      0.17,      2.00,      2.00,      0.00,      2.00,      1.00,    220.00,    251.00,      2.00
      1.00,     19.42,      7.25,      1.00,      1.00,      3.00,      1.00,      0.04,      2.00,      1.00,      1.00,      1.00,      1.00,    100.00,      1.00,      2.00
      2.00,     33.25,      3.00,      2.00,      2.00,     12.00,      1.00,      2.00,      2.00,      2.00,      0.00,      1.00,      1.00,    180.00,      0.00,      2.00
      2.00,     20.33,     10.00,      1.00,      1.00,      7.00,      2.00,      1.00,      1.00,      1.00,      4.00,      1.00,      1.00,     50.00,   1465.00,      1.00
      1.00,     25.08,      1.71,      1.00,      1.00,      9.00,      1.00,      1.67,      1.00,      1.00,      1.00,      2.00,      1.00,    395.00,     20.00,      1.00
      1.00,     34.92,      2.50,      1.00,      1.00,      1.00,      1.00,      0.00,      1.00,      2.00,      0.00,      2.00,      1.00,    239.00,    200.00,      1.00
      1.00,     35.25,      3.17,      1.00,      1.00,      9.00,      2.00,      3.75,      1.00,      2.00,      0.00,      2.00,      1.00,    680.00,      0.00,      2.00
      2.00,     25.00,      0.88,      1.00,      1.00,      9.00,      2.00,      1.04,      1.00,      2.00,      0.00,      2.00,      1.00,    160.00,   5860.00,      1.00
      2.00,     18.17,     10.00,      2.00,      2.00,      2.00,      2.00,      0.17,      2.00,      2.00,      0.00,      1.00,      1.00,    340.00,      0.00,      2.00
      1.00,     18.17,      2.46,      1.00,      1.00,      7.00,      9.00,      0.96,      2.00,      1.00,      2.00,      2.00,      1.00,    160.00,    587.00,      2.00
      1.00,     23.58,      1.79,      1.00,      1.00,      7.00,      1.00,      0.54,      2.00,      2.00,      0.00,      2.00,      1.00,    136.00,      1.00,      2.00
      1.00,     30.75,      1.58,      1.00,      1.00,      8.00,      1.00,      0.58,      2.00,      2.00,      0.00,      2.00,      2.00,      0.00,      0.00,      2.00
      2.00,     21.75,     11.75,      1.00,      1.00,      7.00,      1.00,      0.25,      2.00,      2.00,      0.00,      2.00,      1.00,    180.00,      0.00,      2.00
      1.00,     22.83,      3.00,      1.00,      1.00,      3.00,      1.00,      1.29,      1.00,      1.00,      1.00,      1.00,      1.00,    260.00,    800.00,      1.00
      1.00,     34.67,      1.08,      1.00,      1.00,      3.00,      1.00,      1.17,      2.00,      2.00,      0.00,      1.00,      2.00,     28.00,      0.00,      2.00
      1.00,     18.83,      3.54,      2.00,      2.00,     13.00,      4.00,      0.00,      2.00,      2.00,      0.00,      2.00,      1.00,    180.00,      1.00,      2.00
      1.00,     26.67,     14.59,      1.00,      1.00,     10.00,      3.00,      0.00,      2.00,      2.00,      0.00,      2.00,      1.00,    178.00,      0.00,      2.00
      1.00,     21.83,      0.25,      1.00,      1.00,      8.00,      2.00,      0.67,      1.00,      2.00,      0.00,      2.00,      1.00,      0.00,      0.00,      1.00
      1.00,     24.83,      2.75,      1.00,      1.00,      7.00,      1.00,      2.25,      1.00,      1.00,      6.00,      1.00,      1.00,    184.01,    600.00,      1.00
      1.00,     56.00,     12.50,      1.00,      1.00,      6.00,      2.00,      8.00,      1.00,      2.00,      0.00,      2.00,      1.00,     24.00,   2028.00,      1.00
      2.00,     39.08,      4.00,      1.00,      1.00,      7.00,      1.00,      3.00,      2.00,      2.00,      0.00,      1.00,      1.00,    480.00,      0.00,      2.00
      1.00,     26.67,      2.71,      2.00,      2.00,      5.00,      1.00,      5.25,      1.00,      1.00,      1.00,      1.00,      1.00,    211.00,      0.00,      1.00
      2.00,     18.42,      9.25,      1.00,      1.00,      2.00,      1.00,      1.21,      1.00,      1.00,      4.00,      1.00,      1.00,     60.00,    540.00,      1.00
      1.00,     21.00,      4.79,      2.00,      2.00,      1.00,      1.00,      2.25,      1.00,      1.00,      1.00,      2.00,      1.00,     80.00,    300.00,      1.00
      2.00,     32.33,      0.54,      1.00,      1.00,      5.00,      1.00,      0.04,      1.00,      2.00,      0.00,      1.00,      1.00,    440.00,  11177.00,      1.00
      1.00,     60.08,     14.50,      1.00,      1.00,     13.00,      4.00,     18.00,      1.00,      1.00,     15.00,      2.00,      1.00,      0.00,   1000.00,      1.00
      1.00,     19.58,      0.58,      1.00,      1.00,     13.00,      4.00,      0.00,      2.00,      1.00,      3.00,      1.00,      1.00,    350.00,    769.00,      2.00
      1.00,     52.42,      1.50,      1.00,      1.00,      8.00,      1.00,      3.75,      2.00,      2.00,      0.00,      2.00,      1.00,      0.00,    350.00,      2.00
      1.00,     47.67,      0.29,      1.00,      1.00,      7.00,      3.00,     15.00,      1.00,      1.00,     20.00,      1.00,      1.00,      0.00,  15000.00,      1.00
      1.00,     48.58,      0.20,      2.00,      2.00,      6.00,      1.00,      0.25,      1.00,      1.00,     11.00,      1.00,      1.00,    380.00,   2732.00,      1.00
      2.00,     36.75,      4.71,      1.00,      1.00,     13.00,      4.00,      0.00,      2.00,      2.00,      0.00,      1.00,      1.00,    160.00,      0.00,      2.00
      1.00,     36.25,      5.00,      1.00,      1.00,      7.00,      3.00,      2.50,      1.00,      1.00,      6.00,      1.00,      1.00,      0.00,    367.00,      1.00
      2.00,     26.92,     13.50,      1.00,      1.00,      2.00,      2.00,      5.00,      1.00,      1.00,      2.00,      1.00,      1.00,      0.00,   5000.00,      1.00
      1.00,     16.92,      0.34,      2.00,      2.00,      6.00,      1.00,      0.29,      2.00,      2.00,      0.00,      1.00,      2.00,    200.00,      0.00,      2.00
      1.00,     22.08,      2.33,      1.00,      1.00,      6.00,      1.00,      0.75,      2.00,      2.00,      0.00,      1.00,      1.00,    180.00,      0.00,      2.00
      2.00,     32.00,      6.00,      1.00,      1.00,      8.00,      1.00,      1.25,      2.00,      2.00,      0.00,      1.00,      1.00,    272.00,      0.00,      2.00
      1.00,     31.33,     19.50,      1.00,      1.00,      7.00,      1.00,      7.00,      1.00,      1.00,     16.00,      1.00,      1.00,      0.00,   5000.00,      1.00
      1.00,     25.83,     12.84,      1.00,      1.00,      5.00,      1.00,      0.50,      2.00,      2.00,      0.00,      1.00,      1.00,      0.00,      2.00,      2.00
      1.00,     28.67,      9.34,      1.00,      1.00,      2.00,      2.00,      5.67,      1.00,      1.00,      6.00,      1.00,      1.00,    381.00,    168.00,      1.00
      1.00,     37.58,      0.00,      1.00,      1.00,      7.00,      1.00,      0.00,      2.00,      2.00,      0.00,      1.00,      3.00,    184.01,      0.00,      1.00
      1.00,     54.83,     15.50,      1.00,      1.00,     11.00,      6.00,      0.00,      1.00,      1.00,     20.00,      1.00,      1.00,    152.00,    130.00,      2.00
      2.00,     31.57,      3.50,      1.00,      1.00,      8.00,      1.00,      3.00,      1.00,      2.00,      0.00,      2.00,      1.00,    300.00,      0.00,      2.00
      1.00,     17.92,      0.20,      1.00,      1.00,     12.00,      1.00,      0.04,      2.00,      2.00,      0.00,      1.00,      1.00,    280.00,    750.00,      2.00
      1.00,     19.17,      0.00,      2.00,      2.00,      3.00,      3.00,      0.00,      2.00,      2.00,      0.00,      2.00,      2.00,    500.00,      1.00,      1.00
      2.00,     30.25,      5.50,      1.00,      1.00,      6.00,      1.00,      5.50,      2.00,      2.00,      0.00,      2.00,      2.00,    100.00,      0.00,      2.00
      1.00,     19.33,     10.91,      1.00,      1.00,      7.00,      3.00,      0.58,      2.00,      1.00,      2.00,      2.00,      1.00,    200.00,      7.00,      2.00
      2.00,     44.33,      0.00,      1.00,      1.00,      7.00,      1.00,      2.50,      1.00,      2.00,      0.00,      1.00,      1.00,      0.00,      0.00,      1.00
      2.00,     17.92,      0.54,      1.00,      1.00,      7.00,      1.00,      1.75,      2.00,      1.00,      1.00,      2.00,      1.00,     80.00,      5.00,      2.00
      1.00,     69.17,      9.00,      1.00,      1.00,     13.00,      4.00,      4.00,      2.00,      1.00,      1.00,      1.00,      1.00,     70.00,      6.00,      2.00
      2.00,     28.17,      0.38,      1.00,      1.00,      2.00,      1.00,      0.58,      1.00,      1.00,      4.00,      1.00,      1.00,     80.00,      0.00,      1.00
      1.00,     16.17,      0.04,      1.00,      1.00,      7.00,      1.00,      0.04,      2.00,      2.00,      0.00,      1.00,      1.00,      0.00,      0.00,      1.00
      1.00,     48.58,      6.50,      1.00,      1.00,      2.00,      2.00,      6.00,      1.00,      2.00,      0.00,      2.00,      1.00,    350.00,      0.00,      1.00
      1.00,     19.42,      1.50,      2.00,      2.00,      5.00,      1.00,      2.00,      1.00,      2.00,      0.00,      2.00,      1.00,    100.00,     20.00,      2.00
      1.00,     42.00,      0.20,      1.00,      1.00,     10.00,      2.00,      5.12,      1.00,      2.00,      0.00,      1.00,      1.00,    400.00,      0.00,      1.00
      1.00,     22.50,      0.12,      2.00,      2.00,      6.00,      1.00,      0.12,      2.00,      2.00,      0.00,      1.00,      1.00,    200.00,     70.00,      2.00
      2.00,     36.75,      5.12,      1.00,      1.00,     11.00,      1.00,      5.00,      1.00,      2.00,      0.00,      2.00,      1.00,      0.00,   4000.00,      1.00
      1.00,     65.42,     11.00,      1.00,      1.00,     11.00,      6.00,     20.00,      1.00,      1.00,      7.00,      2.00,      1.00,     22.00,      0.00,      1.00
      1.00,     34.42,      1.33,      1.00,      1.00,     10.00,      3.00,      0.12,      2.00,      2.00,      0.00,      2.00,      1.00,    440.00,   4500.00,      2.00
      1.00,     42.00,      9.79,      1.00,      1.00,      9.00,      2.00,      7.96,      1.00,      1.00,      8.00,      1.00,      1.00,      0.00,      0.00,      1.00
      1.00,     48.17,      7.62,      1.00,      1.00,      1.00,      2.00,     15.50,      1.00,      1.00,     12.00,      1.00,      1.00,      0.00,    790.00,      1.00
      1.00,     39.92,      6.21,      1.00,      1.00,      2.00,      1.00,      0.04,      1.00,      1.00,      1.00,      1.00,      1.00,    200.00,    300.00,      1.00
      1.00,     23.42,      1.00,      1.00,      1.00,      7.00,      1.00,      0.50,      2.00,      2.00,      0.00,      2.00,      2.00,    280.00,      0.00,      2.00
      1.00,     24.42,      2.00,      1.00,      1.00,     11.00,      8.00,      0.17,      2.00,      1.00,      2.00,      1.00,      1.00,    320.00,   1300.00,      2.00
      1.00,     32.08,      4.00,      2.00,      2.00,      5.00,      1.00,      1.50,      2.00,      2.00,      0.00,      2.00,      1.00,    120.00,      0.00,      2.00
      2.00,     22.92,      1.25,      1.00,      1.00,      2.00,      1.00,      0.25,      2.00,      2.00,      0.00,      2.00,      1.00,    120.00,    809.00,      2.00
      1.00,     26.75,      2.00,      1.00,      1.00,      8.00,      1.00,      0.75,      2.00,      2.00,      0.00,      2.00,      1.00,     80.00,      0.00,      2.00
      2.00,     50.25,      0.83,      1.00,      1.00,     12.00,      1.00,      0.50,      2.00,      2.00,      0.00,      2.00,      1.00,    240.00,    117.00,      2.00
      2.00,     65.17,     14.00,      1.00,      1.00,     13.00,      4.00,      0.00,      1.00,      1.00,     11.00,      2.00,      1.00,      0.00,   1400.00,      1.00
      1.00,     45.33,      1.00,      1.00,      1.00,      2.00,      1.00,      0.12,      2.00,      2.00,      0.00,      2.00,      1.00,    263.00,      0.00,      2.00
      1.00,     18.17,     10.25,      1.00,      1.00,      7.00,      2.00,      1.08,      2.00,      2.00,      0.00,      1.00,      1.00,    320.00,     13.00,      2.00
      1.00,     23.17,      0.00,      1.00,      1.00,      5.00,      1.00,      0.09,      1.00,      2.00,      0.00,      1.00,      1.00,      0.00,      0.00,      1.00
      2.00,     49.83,     13.59,      1.00,      1.00,      6.00,      2.00,      8.50,      1.00,      2.00,      0.00,      2.00,      1.00,      0.00,      0.00,      1.00
      2.00,     19.50,      0.17,      1.00,      1.00,      2.00,      1.00,      0.04,      2.00,      2.00,      0.00,      2.00,      1.00,    380.00,      0.00,      2.00
      1.00,     34.17,      2.75,      1.00,      1.00,     10.00,      3.00,      2.50,      2.00,      2.00,      0.00,      2.00,      1.00,    232.00,    200.00,      2.00
      1.00,     41.00,      0.04,      1.00,      1.00,     11.00,      1.00,      0.04,      2.00,      1.00,      1.00,      1.00,      2.00,    560.00,      0.00,      1.00
      1.00,     34.17,      9.17,      1.00,      1.00,      7.00,      1.00,      4.50,      1.00,      1.00,     12.00,      2.00,      1.00,      0.00,    221.00,      1.00
      1.00,     31.67,      0.83,      1.00,      1.00,      9.00,      1.00,      1.33,      1.00,      1.00,      8.00,      2.00,      1.00,    303.00,   3290.00,      1.00
      1.00,     31.57,      3.00,      2.00,      2.00,     10.00,      3.00,      7.00,      2.00,      2.00,      0.00,      1.00,      1.00,      0.00,      1.00,      2.00
      1.00,     20.00,      1.25,      2.00,      2.00,      6.00,      1.00,      0.12,      2.00,      2.00,      0.00,      1.00,      1.00,    140.00,      4.00,      2.00
      1.00,     41.42,      5.00,      1.00,      1.00,      2.00,      2.00,      5.00,      1.00,      1.00,      6.00,      2.00,      1.00,    470.00,      0.00,      1.00
      1.00,     51.33,     10.00,      1.00,      1.00,     10.00,      3.00,      0.00,      1.00,      1.00,     11.00,      1.00,      1.00,      0.00,   1249.00,      1.00
      1.00,     23.00,      0.62,      2.00,      2.00,     12.00,      1.00,      0.12,      1.00,      2.00,      0.00,      1.00,      1.00,    180.00,      1.00,      2.00
      1.00,     23.00,      0.75,      1.00,      1.00,      3.00,      1.00,      0.50,      1.00,      2.00,      0.00,      2.00,      2.00,    320.00,      0.00,      2.00
      2.00,     48.17,      1.33,      1.00,      1.00,     10.00,      7.00,      0.34,      2.00,      2.00,      0.00,      1.00,      1.00,      0.00,    120.00,      2.00
      1.00,     23.33,     11.62,      2.00,      2.00,      1.00,      1.00,      0.83,      1.00,      2.00,      0.00,      2.00,      1.00,    160.00,    300.00,      1.00
      1.00,     27.83,      1.50,      1.00,      1.00,      1.00,      1.00,      2.25,      2.00,      1.00,      1.00,      2.00,      1.00,    100.00,      3.00,      2.00
      2.00,     33.67,      0.38,      1.00,      1.00,      5.00,      1.00,      0.38,      2.00,      2.00,      0.00,      1.00,      1.00,    300.00,     44.00,      1.00
      1.00,     44.25,      0.50,      1.00,      1.00,      3.00,      1.00,     10.75,      1.00,      2.00,      0.00,      1.00,      2.00,    400.00,      0.00,      2.00
      1.00,     59.50,      2.75,      1.00,      1.00,      1.00,      1.00,      1.75,      1.00,      1.00,      5.00,      2.00,      1.00,     60.00,     58.00,      1.00
      1.00,     36.67,      4.42,      2.00,      2.00,      6.00,      1.00,      0.25,      1.00,      1.00,     10.00,      2.00,      1.00,    320.00,      0.00,      1.00
      1.00,     21.42,      0.75,      2.00,      2.00,      4.00,      9.00,      0.75,      2.00,      2.00,      0.00,      2.00,      1.00,    132.00,      2.00,      2.00
      1.00,     33.58,      2.75,      1.00,      1.00,      3.00,      1.00,      4.25,      1.00,      1.00,      6.00,      1.00,      1.00,    204.00,      0.00,      1.00
      2.00,     40.33,      8.12,      2.00,      2.00,      6.00,      1.00,      0.17,      2.00,      1.00,      2.00,      1.00,      1.00,    184.01,     18.00,      2.00
      1.00,     28.00,      3.00,      1.00,      1.00,      1.00,      1.00,      0.75,      2.00,      2.00,      0.00,      2.00,      1.00,    300.00,     67.00,      2.00
      1.00,     30.17,      0.50,      1.00,      1.00,      7.00,      1.00,      1.75,      1.00,      1.00,     11.00,      1.00,      1.00,     32.00,    540.00,      1.00
      1.00,     39.92,      0.54,      2.00,      2.00,     12.00,      1.00,      0.50,      1.00,      1.00,      3.00,      1.00,      1.00,    200.00,   1000.00,      1.00
      1.00,     17.50,     22.00,      3.00,      3.00,     13.00,      7.00,      0.00,      2.00,      2.00,      0.00,      2.00,      3.00,    450.00, 100000.00,      1.00
      1.00,     30.17,      6.50,      1.00,      1.00,      5.00,      1.00,      3.12,      1.00,      1.00,      8.00,      1.00,      1.00,    330.00,   1200.00,      1.00
      2.00,     46.67,      0.46,      1.00,      1.00,      5.00,      2.00,      0.41,      1.00,      1.00,     11.00,      2.00,      1.00,    440.00,      6.00,      1.00
      2.00,     27.17,      1.25,      1.00,      1.00,     13.00,      4.00,      0.00,      2.00,      1.00,      1.00,      1.00,      1.00,     92.00,    300.00,      2.00
      1.00,     39.33,      5.88,      1.00,      1.00,      5.00,      2.00,     10.00,      1.00,      1.00,     14.00,      2.00,      1.00,    399.00,      0.00,      1.00
      2.00,     22.25,      1.25,      2.00,      2.00,     13.00,      4.00,      3.25,      2.00,      2.00,      0.00,      1.00,      1.00,    280.00,      0.00,      2.00
      1.00,     32.67,      9.00,      2.00,      2.00,      1.00,      2.00,      5.25,      1.00,      2.00,      0.00,      2.00,      1.00,    154.00,      0.00,      1.00
      1.00,     20.42,      7.50,      1.00,      1.00,      6.00,      1.00,      1.50,      1.00,      1.00,      1.00,      1.00,      1.00,    160.00,    234.00,      1.00
      1.00,     31.83,      2.50,      1.00,      1.00,     12.00,      1.00,      7.50,      1.00,      2.00,      0.00,      2.00,      1.00,    523.00,      0.00,      2.00
      1.00,     48.75,     26.34,      2.00,      2.00,     13.00,      4.00,      0.00,      1.00,      2.00,      0.00,      2.00,      1.00,      0.00,      0.00,      2.00
      1.00,     40.58,      1.50,      1.00,      1.00,     10.00,      3.00,      0.00,      2.00,      2.00,      0.00,      1.00,      2.00,    300.00,      0.00,      2.00
      1.00,     53.92,      9.62,      1.00,      1.00,     11.00,      1.00,      8.66,      1.00,      1.00,      5.00,      1.00,      1.00,      0.00,      0.00,      1.00
      1.00,     32.33,      3.50,      1.00,      1.00,      6.00,      1.00,      0.50,      2.00,      2.00,      0.00,      2.00,      1.00,    232.00,      0.00,      2.00
      2.00,     35.17,      3.75,      1.00,      1.00,     13.00,      4.00,      0.00,      2.00,      1.00,      6.00,      1.00,      1.00,      0.00,    200.00,      2.00
      2.00,     24.08,      0.50,      1.00,      1.00,      2.00,      2.00,      1.25,      1.00,      1.00,      1.00,      1.00,      1.00,      0.00,    678.00,      1.00
      1.00,     20.67,      5.29,      1.00,      1.00,      2.00,      1.00,      0.38,      1.00,      1.00,      1.00,      1.00,      1.00,    160.00,      0.00,      2.00
      2.00,     28.50,      3.04,      2.00,      2.00,      9.00,      2.00,      2.54,      1.00,      1.00,      1.00,      1.00,      1.00,     70.00,      0.00,      1.00
      1.00,     23.08,     11.50,      1.00,      1.00,      1.00,      2.00,      2.12,      1.00,      1.00,     11.00,      2.00,      1.00,    290.00,    284.00,      1.00
      1.00,     28.33,      5.00,      1.00,      1.00,      1.00,      1.00,     11.00,      1.00,      2.00,      0.00,      2.00,      1.00,     70.00,      0.00,      1.00
      1.00,     28.25,      5.04,      2.00,      2.00,      7.00,      3.00,      1.50,      1.00,      1.00,      8.00,      2.00,      1.00,    144.00,      7.00,      1.00
      1.00,     31.67,     16.16,      1.00,      1.00,      8.00,      1.00,      3.00,      1.00,      1.00,      9.00,      1.00,      1.00,    250.00,    730.00,      1.00
      1.00,     22.67,      1.58,      2.00,      2.00,      1.00,      1.00,      3.08,      1.00,      1.00,      6.00,      1.00,      1.00,     80.00,      0.00,      1.00
      2.00,     57.58,      2.00,      1.00,      1.00,     13.00,      4.00,      6.50,      2.00,      1.00,      1.00,      1.00,      1.00,      0.00,     10.00,      2.00
      2.00,     17.92,     10.21,      1.00,      1.00,     13.00,      4.00,      0.00,      2.00,      2.00,      0.00,      1.00,      1.00,      0.00,     50.00,      2.00
      1.00,     33.75,      2.75,      1.00,      1.00,     10.00,      3.00,      0.00,      2.00,      2.00,      0.00,      1.00,      1.00,    180.00,      0.00,      2.00
      2.00,     31.57,     11.25,      1.00,      1.00,     13.00,      4.00,      0.00,      2.00,      2.00,      0.00,      1.00,      1.00,    184.01,   5200.00,      2.00
      2.00,     29.50,      1.08,      2.00,      2.00,      9.00,      1.00,      1.00,      2.00,      2.00,      0.00,      1.00,      1.00,    280.00,     13.00,      2.00
      2.00,     19.58,      0.67,      1.00,      1.00,      1.00,      1.00,      1.67,      2.00,      2.00,      0.00,      1.00,      1.00,    220.00,      5.00,      2.00
      1.00,     25.00,     12.00,      1.00,      1.00,      6.00,      1.00,      2.25,      1.00,      1.00,      2.00,      2.00,      1.00,    120.00,      5.00,      2.00
      2.00,     24.75,     13.66,      1.00,      1.00,      2.00,      2.00,      1.50,      2.00,      2.00,      0.00,      1.00,      1.00,    280.00,      1.00,      2.00
      1.00,     25.17,      6.00,      1.00,      1.00,      7.00,      1.00,      1.00,      1.00,      1.00,      3.00,      1.00,      1.00,      0.00,      0.00,      1.00
      1.00,     24.58,     12.50,      1.00,      1.00,      1.00,      1.00,      0.88,      1.00,      2.00,      0.00,      2.00,      1.00,    260.00,      0.00,      2.00
      1.00,     29.42,      1.25,      1.00,      1.00,      1.00,      1.00,      1.75,      2.00,      2.00,      0.00,      1.00,      1.00,    200.00,      0.00,      2.00
      1.00,     39.00,      5.00,      1.00,      1.00,      5.00,      1.00,      3.50,      1.00,      1.00,     10.00,      2.00,      1.00,      0.00,      0.00,      1.00
      2.00,     30.67,     12.00,      1.00,      1.00,      7.00,      1.00,      2.00,      1.00,      1.00,      1.00,      1.00,      1.00,    220.00,     19.00,      1.00
      2.00,     19.17,      5.42,      1.00,      1.00,     10.00,      2.00,      0.29,      2.00,      2.00,      0.00,      1.00,      1.00,     80.00,    484.00,      2.00
      1.00,     20.50,      2.42,      1.00,      1.00,      7.00,      1.00,      2.00,      1.00,      1.00,     11.00,      2.00,      1.00,    200.00,   3000.00,      1.00
      1.00,     28.75,      1.50,      2.00,      2.00,      7.00,      1.00,      1.50,      1.00,      2.00,      0.00,      2.00,      1.00,      0.00,    225.00,      2.00
      1.00,     41.58,      1.75,      1.00,      1.00,      6.00,      1.00,      0.21,      1.00,      2.00,      0.00,      1.00,      1.00,    160.00,      0.00,      2.00
      1.00,     18.83,      0.00,      1.00,      1.00,      2.00,      1.00,      0.67,      2.00,      2.00,      0.00,      1.00,      1.00,    160.00,      1.00,      2.00
      1.00,     39.25,      9.50,      1.00,      1.00,      3.00,      1.00,      6.50,      1.00,      1.00,     14.00,      1.00,      1.00,    240.00,   4607.00,      1.00
      1.00,     42.75,      4.08,      1.00,      1.00,     12.00,      1.00,      0.04,      2.00,      2.00,      0.00,      1.00,      1.00,    108.00,    100.00,      2.00
      2.00,     71.58,      0.00,      1.00,      1.00,      7.00,      1.00,      0.00,      2.00,      2.00,      0.00,      1.00,      3.00,    184.01,      0.00,      1.00
      2.00,     40.83,     10.00,      1.00,      1.00,      2.00,      2.00,      1.75,      1.00,      2.00,      0.00,      1.00,      1.00,     29.00,    837.00,      1.00
      2.00,     25.00,     11.00,      2.00,      2.00,     12.00,      1.00,      4.50,      1.00,      2.00,      0.00,      1.00,      1.00,    120.00,      0.00,      2.00
      2.00,     26.17,      2.00,      1.00,      1.00,     14.00,      5.00,      0.00,      2.00,      2.00,      0.00,      2.00,      1.00,    276.00,      1.00,      2.00
      1.00,     22.08,      0.83,      1.00,      1.00,      7.00,      2.00,      2.17,      2.00,      2.00,      0.00,      2.00,      1.00,    128.00,      0.00,      1.00
      1.00,     38.67,      0.21,      1.00,      1.00,      6.00,      1.00,      0.09,      1.00,      2.00,      0.00,      2.00,      1.00,    280.00,      0.00,      1.00
      1.00,     35.00,      3.38,      1.00,      1.00,      7.00,      2.00,      8.29,      2.00,      2.00,      0.00,      2.00,      1.00,      0.00,      0.00,      2.00
      1.00,     31.57,     10.50,      1.00,      1.00,      9.00,      1.00,      6.50,      1.00,      2.00,      0.00,      1.00,      1.00,      0.00,      0.00,      1.00
      2.00,     41.58,      1.04,      1.00,      1.00,     12.00,      1.00,      0.67,      2.00,      2.00,      0.00,      1.00,      1.00,    240.00,    237.00,      2.00
      1.00,     34.17,      1.54,      1.00,      1.00,      5.00,      1.00,      1.54,      1.00,      1.00,      1.00,      2.00,      1.00,    520.00,  50000.00,      1.00
      2.00,     23.00,      1.83,      1.00,      1.00,     14.00,      5.00,      0.00,      2.00,      1.00,      1.00,      1.00,      1.00,    200.00,     53.00,      2.00
      2.00,     53.33,      0.17,      1.00,      1.00,     13.00,      4.00,      0.00,      2.00,      2.00,      0.00,      2.00,      2.00,     62.00,     27.00,      2.00
      2.00,     27.58,      3.00,      1.00,      1.00,      3.00,      1.00,      2.79,      2.00,      1.00,      1.00,      2.00,      1.00,    280.00,     10.00,      2.00
      1.00,     29.92,      1.83,      1.00,      1.00,      7.00,      2.00,      4.33,      1.00,      2.00,      0.00,      1.00,      1.00,    260.00,    200.00,      1.00
      1.00,     33.58,      0.34,      2.00,      2.00,      5.00,      1.00,      0.09,      2.00,      2.00,      0.00,      1.00,      1.00,    180.00,      0.00,      2.00
      1.00,     22.08,     11.00,      1.00,      1.00,      5.00,      1.00,      0.67,      1.00,      2.00,      0.00,      1.00,      1.00,    100.00,      0.00,      1.00
      1.00,     29.67,      1.42,      1.00,      1.00,      1.00,      2.00,      0.75,      1.00,      1.00,      1.00,      1.00,      1.00,    240.00,    100.00,      1.00
      1.00,     40.58,      3.29,      1.00,      1.00,      3.00,      1.00,      3.50,      2.00,      2.00,      0.00,      2.00,      2.00,    400.00,      0.00,      2.00
      1.00,     29.58,      4.50,      1.00,      1.00,      1.00,      1.00,      7.50,      1.00,      1.00,      2.00,      2.00,      1.00,    330.00,      0.00,      1.00
      1.00,     31.83,      0.04,      2.00,      2.00,      3.00,      1.00,      0.04,      2.00,      2.00,      0.00,      1.00,      1.00,      0.00,      0.00,      2.00
      2.00,     18.25,     10.00,      1.00,      1.00,      1.00,      1.00,      1.00,      2.00,      1.00,      1.00,      1.00,      1.00,    120.00,      1.00,      2.00
      1.00,     25.67,      3.25,      1.00,      1.00,      7.00,      2.00,      2.29,      2.00,      1.00,      1.00,      2.00,      1.00,    416.00,     21.00,      2.00
      1.00,     24.42,     12.34,      1.00,      1.00,      2.00,      2.00,      1.58,      1.00,      2.00,      0.00,      2.00,      1.00,    120.00,      0.00,      1.00
      2.00,     27.25,      0.29,      1.00,      1.00,      3.00,      2.00,      0.12,      2.00,      1.00,      1.00,      2.00,      1.00,    272.00,    108.00,      2.00
      1.00,     23.50,      3.17,      2.00,      2.00,      6.00,      1.00,      0.41,      2.00,      1.00,      1.00,      2.00,      1.00,    280.00,     80.00,      2.00
      1.00,     26.67,      4.25,      1.00,      1.00,      5.00,      1.00,      4.29,      1.00,      1.00,      1.00,      2.00,      1.00,    120.00,      0.00,      1.00
      1.00,     27.83,      1.00,      2.00,      2.00,      8.00,      2.00,      3.00,      2.00,      2.00,      0.00,      1.00,      1.00,    176.00,    537.00,      2.00
      1.00,     67.75,      5.50,      1.00,      1.00,     11.00,      6.00,     13.00,      1.00,      1.00,      1.00,      2.00,      1.00,      0.00,      0.00,      1.00
      2.00,     58.42,     21.00,      1.00,      1.00,     10.00,      3.00,     10.00,      1.00,      1.00,     13.00,      1.00,      1.00,      0.00,   6700.00,      1.00
      2.00,     20.67,      3.00,      1.00,      1.00,      2.00,      1.00,      0.17,      1.00,      1.00,      3.00,      1.00,      1.00,    100.00,      6.00,      1.00
      1.00,     15.17,      7.00,      1.00,      1.00,     11.00,      1.00,      1.00,      2.00,      2.00,      0.00,      1.00,      1.00,    600.00,      0.00,      2.00
      2.00,     47.00,     13.00,      1.00,      1.00,     10.00,      3.00,      5.17,      1.00,      1.00,      9.00,      2.00,      1.00,      0.00,      0.00,      1.00
      1.00,     30.33,      0.50,      1.00,      1.00,      8.00,      2.00,      0.09,      2.00,      2.00,      0.00,      2.00,      2.00,    252.00,      0.00,      2.00
      2.00,     19.17,      8.59,      1.00,      1.00,      5.00,      2.00,      0.75,      1.00,      1.00,      7.00,      1.00,      1.00,     96.00,      0.00,      1.00
      2.00,     40.33,      7.54,      2.00,      2.00,      2.00,      2.00,      8.00,      1.00,      1.00,     14.00,      1.00,      1.00,      0.00,   2300.00,      1.00
      1.00,     42.75,      3.00,      1.00,      1.00,     10.00,      3.00,      1.00,      1.00,      2.00,      0.00,      1.00,      1.00,      0.00,    200.00,      2.00
      1.00,     58.58,      2.71,      1.00,      1.00,      7.00,      1.00,      2.42,      2.00,      2.00,      0.00,      2.00,      1.00,    320.00,      0.00,      2.00
      1.00,     37.33,      2.67,      1.00,      1.00,      5.00,      1.00,      0.17,      2.00,      2.00,      0.00,      2.00,      1.00,      0.00,    501.00,      2.00
      2.00,     24.58,      0.67,      1.00,      1.00,     12.00,      2.00,      1.75,      1.00,      2.00,      0.00,      1.00,      1.00,    400.00,      0.00,      2.00
      1.00,     20.17,      9.25,      1.00,      1.00,      7.00,      1.00,      1.67,      1.00,      1.00,      3.00,      2.00,      1.00,     40.00,     28.00,      1.00
      2.00,     20.83,      8.50,      1.00,      1.00,      7.00,      1.00,      0.17,      2.00,      2.00,      0.00,      1.00,      1.00,      0.00,    351.00,      2.00
      2.00,     22.58,     10.75,      1.00,      1.00,      2.00,      1.00,      0.41,      1.00,      1.00,      5.00,      2.00,      1.00,      0.00,    560.00,      1.00
      1.00,     20.08,      0.12,      1.00,      1.00,      2.00,      1.00,      1.00,      2.00,      1.00,      1.00,      1.00,      1.00,    240.00,    768.00,      1.00
      1.00,     25.58,      0.34,      1.00,      1.00,      6.00,      2.00,      3.50,      2.00,      2.00,      0.00,      2.00,      1.00,    340.00,      0.00,      2.00
      2.00,     28.50,      1.00,      1.00,      1.00,      2.00,      1.00,      1.00,      1.00,      1.00,      2.00,      2.00,      1.00,    167.00,    500.00,      2.00
      1.00,     18.08,      5.50,      1.00,      1.00,      6.00,      1.00,      0.50,      1.00,      2.00,      0.00,      1.00,      1.00,     80.00,      0.00,      1.00
      1.00,     29.83,      1.25,      2.00,      2.00,      6.00,      1.00,      0.25,      2.00,      2.00,      0.00,      1.00,      1.00,    224.00,      0.00,      2.00
      2.00,     20.50,     11.84,      1.00,      1.00,      7.00,      2.00,      6.00,      1.00,      2.00,      0.00,      1.00,      1.00,    340.00,      0.00,      1.00
      1.00,     33.17,      1.00,      1.00,      1.00,      9.00,      1.00,      0.75,      1.00,      1.00,      7.00,      2.00,      1.00,    340.00,   4071.00,      1.00
      1.00,     22.25,      0.46,      1.00,      1.00,      6.00,      1.00,      0.12,      2.00,      2.00,      0.00,      2.00,      1.00,    280.00,     55.00,      2.00
      2.00,     21.67,     11.50,      2.00,      2.00,     14.00,      5.00,      0.00,      1.00,      1.00,     11.00,      2.00,      1.00,      0.00,      0.00,      1.00
      1.00,     33.50,      1.75,      1.00,      1.00,      9.00,      2.00,      4.50,      1.00,      1.00,      4.00,      2.00,      1.00,    253.00,    857.00,      1.00
      1.00,     45.17,      1.50,      1.00,      1.00,      7.00,      1.00,      2.50,      1.00,      2.00,      0.00,      2.00,      1.00,    140.00,      0.00,      2.00
      2.00,     28.67,      1.04,      1.00,      1.00,      7.00,      1.00,      2.50,      1.00,      1.00,      5.00,      2.00,      1.00,    300.00,   1430.00,      1.00
      1.00,     32.75,      1.50,      1.00,      1.00,      5.00,      2.00,      5.50,      1.00,      1.00,      3.00,      2.00,      1.00,      0.00,      0.00,      1.00
      1.00,     18.25,      0.17,      1.00,      1.00,      8.00,      1.00,      0.25,      2.00,      2.00,      0.00,      2.00,      2.00,    280.00,      0.00,      2.00
      1.00,     27.67,     13.75,      1.00,      1.00,      1.00,      1.00,      5.75,      1.00,      2.00,      0.00,      2.00,      1.00,    487.00,    500.00,      1.00
      1.00,     39.83,      0.50,      1.00,      1.00,      3.00,      1.00,      0.25,      1.00,      2.00,      0.00,      1.00,      2.00,    288.00,      0.00,      2.00
      2.00,     36.00,      1.00,      1.00,      1.00,      7.00,      1.00,      2.00,      1.00,      1.00,     11.00,      1.00,      1.00,      0.00,    456.00,      1.00
      1.00,     22.58,     10.04,      1.00,      1.00,      9.00,      1.00,      0.04,      1.00,      1.00,      9.00,      1.00,      1.00,     60.00,    396.00,      1.00
      1.00,     31.57,      0.38,      1.00,      1.00,      8.00,      1.00,      0.88,      1.00,      2.00,      0.00,      2.00,      2.00,    928.00,      0.00,      2.00
      2.00,     26.58,      2.54,      2.00,      2.00,     13.00,      4.00,      0.00,      2.00,      2.00,      0.00,      2.00,      1.00,    180.00,     60.00,      2.00
      1.00,     27.42,     12.50,      1.00,      1.00,     12.00,      3.00,      0.25,      2.00,      2.00,      0.00,      2.00,      1.00,    720.00,      0.00,      2.00
      2.00,     30.58,     10.66,      1.00,      1.00,      2.00,      2.00,      0.09,      2.00,      1.00,     12.00,      2.00,      1.00,    129.00,      3.00,      2.00
      1.00,     32.83,      2.50,      1.00,      1.00,      5.00,      2.00,      2.75,      1.00,      1.00,      6.00,      1.00,      1.00,    160.00,   2072.00,      1.00
      2.00,     24.50,      2.42,      2.00,      2.00,      7.00,      1.00,      0.00,      2.00,      2.00,      0.00,      1.00,      1.00,    120.00,      0.00,      2.00
      2.00,     22.42,      5.67,      1.00,      1.00,      2.00,      1.00,      2.58,      1.00,      1.00,      7.00,      1.00,      1.00,    129.00,   3257.00,      1.00
      1.00,     35.17,      2.50,      1.00,      1.00,      6.00,      1.00,      4.50,      1.00,      1.00,      7.00,      1.00,      1.00,    150.00,   1270.00,      1.00
      1.00,     40.83,      3.50,      1.00,      1.00,     10.00,      3.00,      0.50,      2.00,      2.00,      0.00,      1.00,      2.00,   1160.00,      0.00,      2.00
      2.00,     56.50,     16.00,      1.00,      1.00,     14.00,      4.00,      0.00,      1.00,      1.00,     15.00,      1.00,      1.00,      0.00,    247.00,      1.00
      1.00,     34.92,      5.00,      1.00,      1.00,      9.00,      2.00,      7.50,      1.00,      1.00,      6.00,      2.00,      1.00,      0.00,   1000.00,      1.00
      2.00,     28.58,      1.67,      1.00,      1.00,      2.00,      1.00,      2.42,      1.00,      2.00,      0.00,      2.00,      1.00,    440.00,      0.00,      2.00
      1.00,     26.75,      1.12,      1.00,      1.00,      9.00,      2.00,      1.25,      1.00,      2.00,      0.00,      1.00,      1.00,      0.00,   5298.00,      1.00
      1.00,     23.08,     11.50,      1.00,      1.00,     10.00,      1.00,      3.50,      1.00,      1.00,      9.00,      1.00,      1.00,     56.00,    742.00,      1.00
      1.00,     31.57,      4.00,      2.00,      2.00,     10.00,      1.00,      0.09,      2.00,      2.00,      0.00,      2.00,      1.00,    411.00,      0.00,      2.00
      1.00,     36.33,      3.79,      1.00,      1.00,      1.00,      1.00,      1.17,      1.00,      2.00,      0.00,      2.00,      1.00,    200.00,      0.00,      2.00
      1.00,     34.25,      3.00,      1.00,      1.00,      5.00,      2.00,      7.42,      1.00,      2.00,      0.00,      2.00,      1.00,      0.00,      0.00,      1.00
      2.00,     47.42,      8.00,      1.00,      1.00,     11.00,      3.00,      6.50,      1.00,      1.00,      6.00,      1.00,      1.00,    375.00,  51100.00,      1.00
      2.00,     22.50,      8.46,      2.00,      2.00,      9.00,      1.00,      2.46,      2.00,      2.00,      0.00,      1.00,      1.00,    164.00,      0.00,      1.00
      1.00,     20.00,      7.00,      1.00,      1.00,      7.00,      1.00,      0.50,      2.00,      2.00,      0.00,      1.00,      1.00,      0.00,      0.00,      2.00
      1.00,     16.33,      4.08,      1.00,      1.00,     10.00,      2.00,      0.41,      2.00,      2.00,      0.00,      2.00,      1.00,    120.00,      0.00,      2.00
      1.00,     51.83,      2.04,      2.00,      2.00,     13.00,      4.00,      1.50,      2.00,      2.00,      0.00,      1.00,      1.00,    120.00,      1.00,      2.00
      1.00,     42.17,      5.04,      1.00,      1.00,      2.00,      2.00,     12.75,      1.00,      2.00,      0.00,      2.00,      1.00,     92.00,      0.00,      1.00
      2.00,     23.50,      9.00,      1.00,      1.00,      2.00,      1.00,      8.50,      1.00,      1.00,      5.00,      2.00,      1.00,    120.00,      0.00,      1.00
      1.00,     28.00,      2.00,      1.00,      1.00,      6.00,      2.00,      4.17,      1.00,      1.00,      2.00,      2.00,      1.00,    181.00,      0.00,      1.00
      2.00,     18.83,      9.50,      1.00,      1.00,      1.00,      1.00,      1.62,      1.00,      1.00,      6.00,      2.00,      1.00,     40.00,    600.00,      1.00
      2.00,     31.75,      3.00,      2.00,      2.00,     14.00,      5.00,      0.00,      2.00,      2.00,      0.00,      1.00,      1.00,    160.00,     20.00,      2.00
      2.00,     25.42,      1.12,      1.00,      1.00,      2.00,      1.00,      1.29,      1.00,      1.00,      2.00,      1.00,      1.00,    200.00,      0.00,      2.00
      1.00,     39.50,      4.25,      1.00,      1.00,      7.00,      3.00,      6.50,      1.00,      1.00,     16.00,      1.00,      1.00,    117.00,   1210.00,      1.00
      1.00,     26.00,      1.00,      1.00,      1.00,      2.00,      1.00,      1.75,      1.00,      2.00,      0.00,      2.00,      1.00,    280.00,      0.00,      1.00
      2.00,     32.17,      1.46,      1.00,      1.00,      1.00,      1.00,      1.08,      1.00,      1.00,     16.00,      1.00,      1.00,    120.00,   2079.00,      1.00
      1.00,     47.17,      5.83,      1.00,      1.00,      1.00,      1.00,      5.50,      2.00,      2.00,      0.00,      1.00,      1.00,    465.00,    150.00,      2.00
      1.00,     20.25,      9.96,      1.00,      1.00,     11.00,      8.00,      0.00,      1.00,      2.00,      0.00,      1.00,      1.00,      0.00,      0.00,      1.00
      1.00,     48.33,     12.00,      1.00,      1.00,      3.00,      1.00,     16.00,      1.00,      2.00,      0.00,      1.00,      2.00,    110.00,      0.00,      1.00
      1.00,     56.58,     18.50,      1.00,      1.00,      8.00,      3.00,     15.00,      1.00,      1.00,     17.00,      2.00,      1.00,      0.00,      0.00,      1.00
      2.00,     22.42,     11.25,      2.00,      2.00,      9.00,      2.00,      0.75,      1.00,      1.00,      4.00,      1.00,      1.00,      0.00,    321.00,      1.00
      2.00,     22.50,     11.00,      2.00,      2.00,      2.00,      1.00,      3.00,      1.00,      2.00,      0.00,      2.00,      1.00,    268.00,      0.00,      2.00
      1.00,     27.00,      1.50,      2.00,      2.00,      1.00,      1.00,      0.38,      1.00,      2.00,      0.00,      2.00,      1.00,    260.00,   1065.00,      1.00
      1.00,     21.00,      3.00,      2.00,      2.00,      8.00,      1.00,      1.08,      1.00,      1.00,      8.00,      2.00,      1.00,    160.00,      1.00,      1.00
      1.00,     23.92,      0.67,      1.00,      1.00,      7.00,      1.00,      0.17,      2.00,      2.00,      0.00,      1.00,      1.00,    100.00,      0.00,      1.00
